rep_id,timestamp,sensor_id,yaw,pitch,roll,label
1,4151176.0,imu1,10.46,3.01,0.32,correcto
1,4151186.0,imu1,10.46,3.01,0.32,correcto
1,4151196.0,imu1,10.47,3.01,0.32,correcto
1,4151206.0,imu1,10.47,3.01,0.31,correcto
1,4151216.0,imu1,10.47,3.01,0.32,correcto
1,4151226.0,imu1,10.47,3.01,0.32,correcto
1,4151236.0,imu1,10.47,3.01,0.31,correcto
1,4151246.0,imu1,10.47,3.01,0.31,correcto
1,4151256.0,imu1,10.47,3.01,0.31,correcto
1,4151266.0,imu1,10.47,3.01,0.31,correcto
1,4151276.0,imu1,10.47,3.01,0.31,correcto
1,4151286.0,imu1,10.48,3.01,0.31,correcto
1,4151296.0,imu1,10.48,3.01,0.31,correcto
1,4151306.0,imu1,10.48,3.01,0.31,correcto
1,4151316.0,imu1,10.48,3.01,0.31,correcto
1,4151326.0,imu1,10.48,3.01,0.31,correcto
1,4151336.0,imu1,10.48,3.01,0.31,correcto
1,4151346.0,imu1,10.48,3.01,0.31,correcto
1,4151356.0,imu1,10.49,3.01,0.31,correcto
1,4151366.0,imu1,10.49,3.01,0.31,correcto
1,4151376.0,imu1,10.49,3.01,0.31,correcto
1,4151386.0,imu1,10.49,3.02,0.31,correcto
1,4151396.0,imu1,10.49,3.02,0.31,correcto
1,4151406.0,imu1,10.49,3.01,0.31,correcto
1,4151416.0,imu1,10.49,3.01,0.31,correcto
1,4151426.0,imu1,10.5,3.01,0.31,correcto
1,4151436.0,imu1,10.5,3.02,0.31,correcto
1,4151446.0,imu1,10.5,3.02,0.31,correcto
1,4151456.0,imu1,10.5,3.02,0.31,correcto
1,4151466.0,imu1,10.5,3.02,0.31,correcto
1,4151476.0,imu1,10.5,3.02,0.31,correcto
1,4151486.0,imu1,10.5,3.02,0.31,correcto
1,4151496.0,imu1,10.5,3.02,0.31,correcto
1,4151506.0,imu1,10.5,3.02,0.31,correcto
1,4151516.0,imu1,10.5,3.02,0.31,correcto
1,4151526.0,imu1,10.5,3.02,0.31,correcto
1,4151536.0,imu1,10.5,3.02,0.31,correcto
1,4151546.0,imu1,10.5,3.02,0.31,correcto
1,4151556.0,imu1,10.51,3.02,0.31,correcto
1,4151566.0,imu1,10.51,3.02,0.31,correcto
1,4151576.0,imu1,10.51,3.02,0.31,correcto
1,4151586.0,imu1,10.51,3.02,0.31,correcto
1,4151596.0,imu1,10.51,3.02,0.31,correcto
1,4151606.0,imu1,10.51,3.02,0.31,correcto
1,4151616.0,imu1,10.52,3.02,0.31,correcto
1,4151626.0,imu1,10.52,3.02,0.31,correcto
1,4151636.0,imu1,10.52,3.02,0.31,correcto
1,4151646.0,imu1,10.52,3.02,0.31,correcto
1,4151656.0,imu1,10.52,3.02,0.31,correcto
1,4151666.0,imu1,10.52,3.02,0.31,correcto
1,4151676.0,imu1,10.52,3.02,0.31,correcto
1,4151686.0,imu1,10.52,3.02,0.31,correcto
1,4151696.0,imu1,10.52,3.02,0.31,correcto
1,4151706.0,imu1,10.52,3.02,0.31,correcto
1,4151716.0,imu1,10.52,3.02,0.31,correcto
1,4151726.0,imu1,10.53,3.02,0.31,correcto
1,4151736.0,imu1,10.53,3.03,0.31,correcto
1,4151746.0,imu1,10.53,3.03,0.31,correcto
1,4151756.0,imu1,10.53,3.02,0.31,correcto
1,4151766.0,imu1,10.53,3.02,0.31,correcto
1,4151776.0,imu1,10.54,3.02,0.31,correcto
1,4151786.0,imu1,10.54,3.02,0.31,correcto
1,4151797.0,imu1,10.54,3.02,0.31,correcto
1,4151807.0,imu1,10.54,3.02,0.31,correcto
1,4151817.0,imu1,10.54,3.02,0.31,correcto
1,4151827.0,imu1,10.54,3.02,0.31,correcto
1,4151837.0,imu1,10.54,3.02,0.31,correcto
1,4151847.0,imu1,10.54,3.02,0.31,correcto
1,4151857.0,imu1,10.54,3.02,0.31,correcto
1,4151867.0,imu1,10.55,3.02,0.31,correcto
1,4151877.0,imu1,10.55,3.02,0.31,correcto
1,4151887.0,imu1,10.55,3.02,0.31,correcto
1,4151897.0,imu1,10.55,3.02,0.31,correcto
1,4151907.0,imu1,10.55,3.02,0.31,correcto
1,4151917.0,imu1,10.56,3.02,0.31,correcto
1,4151927.0,imu1,10.56,3.02,0.31,correcto
1,4151937.0,imu1,10.56,3.02,0.31,correcto
1,4151947.0,imu1,10.56,3.02,0.31,correcto
1,4151957.0,imu1,10.56,3.02,0.31,correcto
1,4151967.0,imu1,10.56,3.01,0.31,correcto
1,4151977.0,imu1,10.57,3.02,0.31,correcto
1,4151987.0,imu1,10.57,3.01,0.31,correcto
1,4151997.0,imu1,10.57,3.01,0.31,correcto
1,4152007.0,imu1,10.57,3.01,0.31,correcto
1,4152017.0,imu1,10.57,3.02,0.3,correcto
1,4152027.0,imu1,10.57,3.01,0.31,correcto
1,4152037.0,imu1,10.57,3.01,0.31,correcto
1,4152047.0,imu1,10.57,3.01,0.31,correcto
1,4152057.0,imu1,10.57,3.01,0.3,correcto
1,4152067.0,imu1,10.57,3.01,0.3,correcto
1,4152077.0,imu1,10.58,3.02,0.3,correcto
1,4152087.0,imu1,10.58,3.01,0.3,correcto
1,4152097.0,imu1,10.58,3.01,0.3,correcto
1,4152107.0,imu1,10.58,3.01,0.3,correcto
1,4152117.0,imu1,10.58,3.01,0.3,correcto
1,4152127.0,imu1,10.59,3.01,0.3,correcto
1,4152137.0,imu1,10.59,3.01,0.3,correcto
1,4152147.0,imu1,10.59,3.01,0.3,correcto
1,4152157.0,imu1,10.59,3.01,0.3,correcto
1,4152167.0,imu1,10.59,3.01,0.3,correcto
1,4152177.0,imu1,10.59,3.01,0.3,correcto
1,4152187.0,imu1,10.59,3.01,0.3,correcto
1,4152197.0,imu1,10.59,3.01,0.3,correcto
1,4152207.0,imu1,10.59,3.01,0.3,correcto
1,4152217.0,imu1,10.59,3.01,0.3,correcto
1,4152227.0,imu1,10.6,3.01,0.3,correcto
1,4152237.0,imu1,10.6,3.01,0.3,correcto
1,4152247.0,imu1,10.6,3.01,0.3,correcto
1,4152257.0,imu1,10.6,3.01,0.3,correcto
1,4152267.0,imu1,10.6,3.01,0.3,correcto
1,4152277.0,imu1,10.6,3.04,0.3,correcto
1,4152287.0,imu1,10.58,3.15,0.25,correcto
1,4152297.0,imu1,10.54,3.33,0.15,correcto
1,4152307.0,imu1,10.4,3.72,-0.08,correcto
1,4152317.0,imu1,9.98,4.03,-0.3,correcto
1,4152327.0,imu1,9.64,3.9,-0.25,correcto
1,4152337.0,imu1,9.47,3.3,0.06,correcto
1,4152347.0,imu1,9.47,2.6,0.36,correcto
1,4152357.0,imu1,9.62,2.59,0.39,correcto
1,4152367.0,imu1,9.72,2.57,0.46,correcto
1,4152377.0,imu1,9.76,2.54,0.48,correcto
1,4152387.0,imu1,9.78,2.56,0.47,correcto
1,4152397.0,imu1,9.78,2.48,0.44,correcto
1,4152407.0,imu1,9.77,2.52,0.44,correcto
1,4152417.0,imu1,9.76,2.72,0.4,correcto
1,4152427.0,imu1,9.68,2.96,0.32,correcto
1,4152438.0,imu1,9.52,3.1,0.27,correcto
1,4152448.0,imu1,9.31,3.14,0.27,correcto
1,4152458.0,imu1,9.07,3.06,0.29,correcto
1,4152468.0,imu1,8.8,2.97,0.31,correcto
1,4152478.0,imu1,8.54,2.9,0.32,correcto
1,4152488.0,imu1,8.37,2.85,0.29,correcto
1,4152498.0,imu1,8.33,2.82,0.27,correcto
1,4152508.0,imu1,8.33,2.74,0.33,correcto
1,4152518.0,imu1,8.34,2.66,0.4,correcto
1,4152528.0,imu1,8.4,2.76,0.42,correcto
1,4152538.0,imu1,8.5,3.23,0.44,correcto
1,4152548.0,imu1,8.61,4.09,0.64,correcto
1,4152558.0,imu1,8.74,5.16,1.18,correcto
1,4152568.0,imu1,8.95,6.35,2.01,correcto
1,4152578.0,imu1,9.22,7.69,2.96,correcto
1,4152588.0,imu1,9.49,9.17,3.99,correcto
1,4152598.0,imu1,9.72,10.68,5.13,correcto
1,4152608.0,imu1,9.86,12.11,6.37,correcto
1,4152618.0,imu1,9.88,13.5,7.73,correcto
1,4152628.0,imu1,9.72,14.86,9.33,correcto
1,4152638.0,imu1,9.48,16.09,10.9,correcto
1,4152648.0,imu1,9.27,16.87,11.96,correcto
1,4152658.0,imu1,9.07,17.76,12.93,correcto
1,4152668.0,imu1,8.84,18.33,13.69,correcto
1,4152678.0,imu1,8.58,18.65,14.25,correcto
1,4152688.0,imu1,8.34,18.69,14.52,correcto
1,4152698.0,imu1,8.17,18.48,14.47,correcto
1,4152708.0,imu1,8.06,17.97,14.05,correcto
1,4152718.0,imu1,7.97,17.14,13.28,correcto
1,4152728.0,imu1,7.9,15.98,12.21,correcto
1,4152738.0,imu1,7.84,14.56,10.91,correcto
1,4152748.0,imu1,7.81,13.04,9.47,correcto
1,4152758.0,imu1,7.83,11.58,8.01,correcto
1,4152768.0,imu1,7.9,10.34,6.64,correcto
1,4152778.0,imu1,8.0,9.4,5.49,correcto
1,4152788.0,imu1,8.14,8.8,4.59,correcto
1,4152798.0,imu1,8.36,8.47,3.94,correcto
1,4152808.0,imu1,8.54,8.52,3.58,correcto
1,4152818.0,imu1,8.7,8.71,3.5,correcto
1,4152828.0,imu1,8.92,8.99,3.55,correcto
1,4152838.0,imu1,9.16,9.37,3.82,correcto
1,4152848.0,imu1,9.39,9.86,4.25,correcto
1,4152858.0,imu1,9.6,10.43,4.82,correcto
1,4152868.0,imu1,9.76,11.03,5.51,correcto
1,4152878.0,imu1,9.84,11.58,6.3,correcto
1,4152888.0,imu1,9.85,12.05,7.2,correcto
1,4152898.0,imu1,9.8,12.41,8.15,correcto
1,4152908.0,imu1,9.76,12.78,9.1,correcto
1,4152918.0,imu1,9.73,13.29,9.91,correcto
1,4152928.0,imu1,9.69,13.63,10.67,correcto
1,4152938.0,imu1,9.61,13.68,11.33,correcto
1,4152948.0,imu1,9.49,13.48,11.8,correcto
1,4152958.0,imu1,9.36,13.08,12.04,correcto
1,4152968.0,imu1,9.23,12.58,12.01,correcto
1,4152978.0,imu1,9.16,11.98,11.66,correcto
1,4152988.0,imu1,9.12,11.27,10.99,correcto
1,4152998.0,imu1,9.11,10.4,10.08,correcto
1,4153008.0,imu1,9.0,9.51,9.0,correcto
1,4153018.0,imu1,8.8,8.56,7.8,correcto
1,4153028.0,imu1,8.61,7.61,6.53,correcto
1,4153038.0,imu1,8.46,6.81,5.3,correcto
1,4153048.0,imu1,8.38,6.29,4.2,correcto
1,4153058.0,imu1,8.39,6.1,3.29,correcto
1,4153068.0,imu1,8.51,6.16,2.64,correcto
1,4153079.0,imu1,8.72,6.38,2.23,correcto
1,4153089.0,imu1,8.97,6.77,2.07,correcto
2,4153840.0,imu1,10.07,3.74,0.05,correcto
2,4153850.0,imu1,10.07,3.75,0.06,correcto
2,4153860.0,imu1,10.07,3.74,0.06,correcto
2,4153870.0,imu1,10.07,3.75,0.07,correcto
2,4153880.0,imu1,10.07,3.76,0.07,correcto
2,4153890.0,imu1,10.07,3.76,0.08,correcto
2,4153900.0,imu1,10.07,3.76,0.09,correcto
2,4153910.0,imu1,10.07,3.77,0.09,correcto
2,4153920.0,imu1,10.07,3.77,0.09,correcto
2,4153930.0,imu1,10.07,3.78,0.09,correcto
2,4153940.0,imu1,10.07,3.78,0.1,correcto
2,4153950.0,imu1,10.07,3.78,0.1,correcto
2,4153960.0,imu1,10.07,3.78,0.11,correcto
2,4153970.0,imu1,10.07,3.79,0.11,correcto
2,4153980.0,imu1,10.07,3.79,0.12,correcto
2,4153990.0,imu1,10.07,3.79,0.12,correcto
2,4154000.0,imu1,10.07,3.79,0.12,correcto
2,4154010.0,imu1,10.07,3.79,0.13,correcto
2,4154020.0,imu1,10.07,3.81,0.14,correcto
2,4154030.0,imu1,10.07,3.85,0.15,correcto
2,4154040.0,imu1,10.06,3.97,0.16,correcto
2,4154050.0,imu1,10.06,4.27,0.14,correcto
2,4154060.0,imu1,10.04,4.93,0.09,correcto
2,4154070.0,imu1,10.03,5.89,0.07,correcto
2,4154080.0,imu1,10.05,6.94,0.23,correcto
2,4154090.0,imu1,10.09,7.89,0.61,correcto
2,4154100.0,imu1,10.15,8.64,1.13,correcto
2,4154110.0,imu1,10.21,9.19,1.75,correcto
2,4154120.0,imu1,10.29,9.68,2.48,correcto
2,4154130.0,imu1,10.37,10.14,3.33,correcto
2,4154140.0,imu1,10.43,10.56,4.26,correcto
2,4154150.0,imu1,10.4,10.96,5.24,correcto
2,4154160.0,imu1,10.24,11.32,6.36,correcto
2,4154170.0,imu1,10.02,11.12,7.26,correcto
2,4154180.0,imu1,9.88,11.17,7.95,correcto
2,4154190.0,imu1,9.75,11.21,8.42,correcto
2,4154200.0,imu1,9.65,10.97,8.74,correcto
2,4154210.0,imu1,9.56,10.49,8.89,correcto
2,4154220.0,imu1,9.48,9.83,8.8,correcto
2,4154230.0,imu1,9.42,9.06,8.4,correcto
2,4154240.0,imu1,9.38,8.21,7.7,correcto
2,4154250.0,imu1,9.37,7.34,6.72,correcto
2,4154260.0,imu1,9.35,6.58,5.52,correcto
2,4154270.0,imu1,9.32,6.08,4.17,correcto
2,4154280.0,imu1,9.3,5.92,2.82,correcto
2,4154290.0,imu1,9.32,6.04,1.63,correcto
2,4154300.0,imu1,9.44,6.38,0.74,correcto
2,4154310.0,imu1,9.69,6.86,0.3,correcto
2,4154320.0,imu1,10.01,7.47,0.37,correcto
2,4154330.0,imu1,10.26,8.21,0.85,correcto
2,4154341.0,imu1,10.48,8.94,1.57,correcto
2,4154351.0,imu1,10.67,9.75,2.51,correcto
2,4154361.0,imu1,10.74,10.67,3.74,correcto
2,4154371.0,imu1,10.77,11.11,4.97,correcto
2,4154381.0,imu1,10.74,11.43,6.27,correcto
2,4154391.0,imu1,10.65,11.49,7.65,correcto
2,4154401.0,imu1,10.55,11.46,9.0,correcto
2,4154411.0,imu1,10.52,11.69,10.09,correcto
2,4154421.0,imu1,10.48,11.86,11.02,correcto
2,4154431.0,imu1,10.4,11.67,11.76,correcto
2,4154441.0,imu1,10.24,11.12,12.25,correcto
2,4154451.0,imu1,10.02,10.28,12.43,correcto
2,4154461.0,imu1,9.79,9.34,12.25,correcto
2,4154471.0,imu1,9.59,8.4,11.69,correcto
2,4154481.0,imu1,9.43,7.48,10.82,correcto
2,4154491.0,imu1,9.31,6.64,9.7,correcto
2,4154501.0,imu1,9.23,5.95,8.38,correcto
2,4154511.0,imu1,9.19,5.48,6.98,correcto
2,4154521.0,imu1,9.15,5.26,5.6,correcto
2,4154531.0,imu1,8.91,5.44,4.41,correcto
2,4154541.0,imu1,8.74,5.61,3.42,correcto
2,4154551.0,imu1,8.7,5.84,2.73,correcto
2,4154561.0,imu1,8.77,6.09,2.37,correcto
2,4154571.0,imu1,8.92,6.41,2.34,correcto
2,4154581.0,imu1,9.11,6.79,2.67,correcto
2,4154591.0,imu1,9.34,7.29,3.24,correcto
2,4154601.0,imu1,9.62,7.91,3.98,correcto
2,4154611.0,imu1,9.92,8.56,4.83,correcto
2,4154621.0,imu1,10.18,9.17,5.76,correcto
2,4154631.0,imu1,10.36,9.63,6.75,correcto
2,4154641.0,imu1,10.46,9.8,7.77,correcto
2,4154651.0,imu1,10.56,9.9,8.74,correcto
2,4154661.0,imu1,10.7,10.28,9.45,correcto
2,4154671.0,imu1,10.78,10.63,9.95,correcto
2,4154681.0,imu1,10.78,10.63,10.27,correcto
2,4154691.0,imu1,10.68,10.36,10.36,correcto
2,4154701.0,imu1,10.51,9.88,10.18,correcto
2,4154711.0,imu1,10.31,9.33,9.7,correcto
2,4154721.0,imu1,10.15,8.82,8.96,correcto
2,4154731.0,imu1,10.02,8.36,8.03,correcto
2,4154741.0,imu1,9.96,7.93,7.0,correcto
3,4156033.0,imu1,10.99,3.58,0.08,correcto
3,4156043.0,imu1,11.0,3.6,0.09,correcto
3,4156053.0,imu1,11.0,3.6,0.09,correcto
3,4156063.0,imu1,11.0,3.61,0.09,correcto
3,4156073.0,imu1,11.0,3.62,0.09,correcto
3,4156083.0,imu1,10.99,3.62,0.1,correcto
3,4156093.0,imu1,10.99,3.62,0.1,correcto
3,4156103.0,imu1,10.99,3.63,0.1,correcto
3,4156113.0,imu1,11.0,3.64,0.1,correcto
3,4156123.0,imu1,10.99,3.64,0.11,correcto
3,4156133.0,imu1,10.99,3.64,0.11,correcto
3,4156143.0,imu1,10.99,3.65,0.12,correcto
3,4156153.0,imu1,10.99,3.65,0.13,correcto
3,4156163.0,imu1,10.99,3.66,0.13,correcto
3,4156173.0,imu1,10.99,3.66,0.13,correcto
3,4156183.0,imu1,10.99,3.66,0.14,correcto
3,4156193.0,imu1,10.99,3.67,0.14,correcto
3,4156203.0,imu1,10.99,3.68,0.14,correcto
3,4156213.0,imu1,10.99,3.68,0.14,correcto
3,4156223.0,imu1,10.99,3.68,0.14,correcto
3,4156234.0,imu1,10.99,3.68,0.14,correcto
3,4156244.0,imu1,11.0,3.68,0.14,correcto
3,4156254.0,imu1,11.0,3.68,0.14,correcto
3,4156264.0,imu1,11.0,3.69,0.14,correcto
3,4156274.0,imu1,11.0,3.72,0.15,correcto
3,4156284.0,imu1,10.99,3.79,0.17,correcto
3,4156294.0,imu1,10.94,4.02,0.19,correcto
3,4156304.0,imu1,10.83,4.62,0.16,correcto
3,4156314.0,imu1,10.7,5.46,0.2,correcto
3,4156324.0,imu1,10.6,6.14,0.51,correcto
3,4156334.0,imu1,10.57,6.59,1.11,correcto
3,4156344.0,imu1,10.53,6.85,1.9,correcto
3,4156354.0,imu1,10.47,6.98,2.84,correcto
3,4156364.0,imu1,10.4,7.05,3.82,correcto
3,4156374.0,imu1,10.34,7.03,4.85,correcto
3,4156384.0,imu1,10.3,6.98,5.92,correcto
3,4156394.0,imu1,10.29,7.12,6.93,correcto
3,4156404.0,imu1,10.26,7.3,7.86,correcto
3,4156414.0,imu1,10.21,7.27,8.74,correcto
3,4156424.0,imu1,10.11,7.05,9.51,correcto
3,4156434.0,imu1,9.97,6.63,10.12,correcto
3,4156444.0,imu1,9.83,6.16,10.48,correcto
3,4156454.0,imu1,9.72,5.71,10.53,correcto
3,4156464.0,imu1,9.66,5.28,10.27,correcto
3,4156474.0,imu1,9.64,4.87,9.71,correcto
3,4156484.0,imu1,9.63,4.49,8.9,correcto
3,4156494.0,imu1,9.62,4.21,7.86,correcto
3,4156504.0,imu1,9.62,4.15,6.64,correcto
3,4156514.0,imu1,9.63,4.19,5.36,correcto
3,4156524.0,imu1,9.68,4.34,4.13,correcto
3,4156534.0,imu1,9.78,4.73,3.04,correcto
3,4156544.0,imu1,9.75,5.34,2.24,correcto
3,4156554.0,imu1,9.73,5.7,1.79,correcto
3,4156564.0,imu1,9.78,5.96,1.7,correcto
3,4156574.0,imu1,9.88,6.19,1.94,correcto
3,4156584.0,imu1,10.03,6.45,2.39,correcto
3,4156594.0,imu1,10.22,6.8,3.02,correcto
3,4156604.0,imu1,10.41,7.18,3.79,correcto
3,4156614.0,imu1,10.57,7.52,4.66,correcto
3,4156624.0,imu1,10.66,7.7,5.58,correcto
3,4156634.0,imu1,10.71,7.68,6.54,correcto
3,4156644.0,imu1,10.79,7.79,7.42,correcto
3,4156654.0,imu1,10.85,7.98,8.16,correcto
3,4156664.0,imu1,10.85,7.96,8.82,correcto
3,4156674.0,imu1,10.78,7.68,9.34,correcto
3,4156684.0,imu1,10.64,7.12,9.66,correcto
3,4156694.0,imu1,10.47,6.37,9.7,correcto
3,4156704.0,imu1,10.3,5.62,9.4,correcto
3,4156714.0,imu1,10.16,4.96,8.75,correcto
3,4156724.0,imu1,10.04,4.38,7.86,correcto
3,4156734.0,imu1,9.96,4.05,6.74,correcto
3,4156744.0,imu1,9.89,4.04,5.52,correcto
3,4156754.0,imu1,9.85,4.16,4.31,correcto
3,4156764.0,imu1,9.88,4.44,3.24,correcto
3,4156774.0,imu1,9.75,4.91,2.54,correcto
3,4156784.0,imu1,9.67,5.13,2.21,correcto
3,4156794.0,imu1,9.7,5.31,2.24,correcto
3,4156804.0,imu1,9.79,5.59,2.56,correcto
3,4156814.0,imu1,9.95,5.88,3.08,correcto
3,4156824.0,imu1,10.15,6.28,3.77,correcto
3,4156834.0,imu1,10.36,6.69,4.57,correcto
3,4156844.0,imu1,10.54,7.03,5.46,correcto
3,4156854.0,imu1,10.67,7.31,6.36,correcto
3,4156864.0,imu1,10.75,7.51,7.22,correcto
3,4156875.0,imu1,10.86,7.87,7.84,correcto
3,4156885.0,imu1,10.97,8.28,8.21,correcto
3,4156895.0,imu1,11.02,8.48,8.41,correcto
3,4156905.0,imu1,10.99,8.42,8.39,correcto
3,4156915.0,imu1,10.88,8.14,8.09,correcto
3,4156925.0,imu1,10.78,7.72,7.55,correcto
3,4156935.0,imu1,10.71,7.25,6.79,correcto
4,4158758.0,imu1,12.5,4.0,0.34,incorrecto
4,4158768.0,imu1,12.5,4.0,0.34,incorrecto
4,4158778.0,imu1,12.5,4.0,0.34,incorrecto
4,4158788.0,imu1,12.5,4.0,0.35,incorrecto
4,4158798.0,imu1,12.5,4.0,0.35,incorrecto
4,4158808.0,imu1,12.5,4.01,0.35,incorrecto
4,4158818.0,imu1,12.5,4.01,0.35,incorrecto
4,4158828.0,imu1,12.5,4.01,0.35,incorrecto
4,4158838.0,imu1,12.5,4.01,0.35,incorrecto
4,4158848.0,imu1,12.5,4.01,0.35,incorrecto
4,4158858.0,imu1,12.5,4.01,0.35,incorrecto
4,4158868.0,imu1,12.5,4.01,0.35,incorrecto
4,4158878.0,imu1,12.5,4.01,0.35,incorrecto
4,4158888.0,imu1,12.5,4.01,0.35,incorrecto
4,4158898.0,imu1,12.5,4.01,0.35,incorrecto
4,4158908.0,imu1,12.5,4.01,0.35,incorrecto
4,4158918.0,imu1,12.5,4.01,0.36,incorrecto
4,4158928.0,imu1,12.5,4.01,0.36,incorrecto
4,4158938.0,imu1,12.5,4.01,0.36,incorrecto
4,4158948.0,imu1,12.5,4.01,0.36,incorrecto
4,4158958.0,imu1,12.5,4.01,0.36,incorrecto
4,4158968.0,imu1,12.5,4.01,0.36,incorrecto
4,4158978.0,imu1,12.5,4.01,0.37,incorrecto
4,4158988.0,imu1,12.5,4.02,0.37,incorrecto
4,4158998.0,imu1,12.5,4.02,0.37,incorrecto
4,4159008.0,imu1,12.51,4.02,0.37,incorrecto
4,4159018.0,imu1,12.51,4.01,0.37,incorrecto
4,4159028.0,imu1,12.5,4.02,0.37,incorrecto
4,4159038.0,imu1,12.5,4.02,0.37,incorrecto
4,4159048.0,imu1,12.5,4.02,0.38,incorrecto
4,4159058.0,imu1,12.5,4.02,0.38,incorrecto
4,4159068.0,imu1,12.5,4.02,0.38,incorrecto
4,4159078.0,imu1,12.5,4.02,0.38,incorrecto
4,4159088.0,imu1,12.5,4.02,0.38,incorrecto
4,4159098.0,imu1,12.5,4.02,0.38,incorrecto
4,4159108.0,imu1,12.5,4.02,0.38,incorrecto
4,4159118.0,imu1,12.5,4.02,0.38,incorrecto
4,4159128.0,imu1,12.5,4.02,0.38,incorrecto
4,4159138.0,imu1,12.5,4.02,0.38,incorrecto
4,4159148.0,imu1,12.5,4.02,0.38,incorrecto
4,4159158.0,imu1,12.5,4.02,0.38,incorrecto
4,4159168.0,imu1,12.5,4.02,0.38,incorrecto
4,4159178.0,imu1,12.5,4.02,0.38,incorrecto
4,4159188.0,imu1,12.5,4.03,0.38,incorrecto
4,4159198.0,imu1,12.5,4.02,0.39,incorrecto
4,4159208.0,imu1,12.5,4.02,0.39,incorrecto
4,4159218.0,imu1,12.5,4.02,0.39,incorrecto
4,4159228.0,imu1,12.5,4.02,0.39,incorrecto
4,4159238.0,imu1,12.5,4.02,0.39,incorrecto
4,4159248.0,imu1,12.5,4.02,0.39,incorrecto
4,4159258.0,imu1,12.5,4.02,0.39,incorrecto
4,4159268.0,imu1,12.5,4.02,0.39,incorrecto
4,4159278.0,imu1,12.5,4.02,0.4,incorrecto
4,4159288.0,imu1,12.5,4.02,0.4,incorrecto
4,4159298.0,imu1,12.5,4.03,0.4,incorrecto
4,4159308.0,imu1,12.5,4.03,0.4,incorrecto
4,4159318.0,imu1,12.5,4.03,0.4,incorrecto
4,4159328.0,imu1,12.5,4.03,0.4,incorrecto
4,4159338.0,imu1,12.5,4.03,0.4,incorrecto
4,4159348.0,imu1,12.5,4.03,0.41,incorrecto
4,4159358.0,imu1,12.5,4.03,0.41,incorrecto
4,4159368.0,imu1,12.5,4.03,0.41,incorrecto
4,4159378.0,imu1,12.5,4.03,0.41,incorrecto
4,4159389.0,imu1,12.5,4.03,0.41,incorrecto
4,4159399.0,imu1,12.5,4.03,0.41,incorrecto
4,4159409.0,imu1,12.5,4.03,0.41,incorrecto
4,4159419.0,imu1,12.5,4.03,0.41,incorrecto
4,4159429.0,imu1,12.5,4.03,0.41,incorrecto
4,4159439.0,imu1,12.5,4.03,0.41,incorrecto
4,4159449.0,imu1,12.5,4.03,0.41,incorrecto
4,4159459.0,imu1,12.5,4.03,0.41,incorrecto
4,4159469.0,imu1,12.5,4.03,0.41,incorrecto
4,4159479.0,imu1,12.5,4.03,0.41,incorrecto
4,4159489.0,imu1,12.5,4.04,0.41,incorrecto
4,4159499.0,imu1,12.5,4.04,0.41,incorrecto
4,4159509.0,imu1,12.5,4.04,0.41,incorrecto
4,4159519.0,imu1,12.5,4.03,0.41,incorrecto
4,4159529.0,imu1,12.5,4.03,0.41,incorrecto
4,4159539.0,imu1,12.5,4.04,0.41,incorrecto
4,4159549.0,imu1,12.5,4.04,0.41,incorrecto
4,4159559.0,imu1,12.5,4.04,0.41,incorrecto
4,4159569.0,imu1,12.5,4.04,0.41,incorrecto
4,4159579.0,imu1,12.5,4.04,0.41,incorrecto
4,4159589.0,imu1,12.5,4.04,0.41,incorrecto
4,4159599.0,imu1,12.5,4.04,0.41,incorrecto
4,4159609.0,imu1,12.5,4.04,0.41,incorrecto
4,4159619.0,imu1,12.5,4.04,0.41,incorrecto
4,4159629.0,imu1,12.5,4.04,0.41,incorrecto
4,4159639.0,imu1,12.5,4.04,0.41,incorrecto
4,4159649.0,imu1,12.5,4.04,0.41,incorrecto
4,4159659.0,imu1,12.5,4.04,0.41,incorrecto
4,4159669.0,imu1,12.5,4.04,0.41,incorrecto
4,4159679.0,imu1,12.5,4.04,0.41,incorrecto
4,4159689.0,imu1,12.5,4.04,0.41,incorrecto
4,4159699.0,imu1,12.5,4.04,0.42,incorrecto
4,4159709.0,imu1,12.5,4.04,0.42,incorrecto
4,4159719.0,imu1,12.5,4.04,0.42,incorrecto
4,4159729.0,imu1,12.5,4.04,0.42,incorrecto
4,4159739.0,imu1,12.5,4.04,0.42,incorrecto
4,4159749.0,imu1,12.5,4.04,0.42,incorrecto
4,4159759.0,imu1,12.5,4.04,0.42,incorrecto
4,4159769.0,imu1,12.5,4.04,0.42,incorrecto
4,4159779.0,imu1,12.5,4.04,0.42,incorrecto
4,4159789.0,imu1,12.5,4.04,0.42,incorrecto
4,4159799.0,imu1,12.5,4.04,0.42,incorrecto
4,4159809.0,imu1,12.5,4.04,0.42,incorrecto
4,4159819.0,imu1,12.5,4.04,0.42,incorrecto
4,4159829.0,imu1,12.5,4.04,0.42,incorrecto
4,4159839.0,imu1,12.5,4.05,0.42,incorrecto
4,4159849.0,imu1,12.5,4.05,0.42,incorrecto
4,4159859.0,imu1,12.5,4.05,0.42,incorrecto
4,4159869.0,imu1,12.5,4.05,0.42,incorrecto
4,4159879.0,imu1,12.5,4.05,0.42,incorrecto
4,4159889.0,imu1,12.5,4.05,0.42,incorrecto
4,4159899.0,imu1,12.5,4.05,0.42,incorrecto
4,4159909.0,imu1,12.5,4.05,0.42,incorrecto
4,4159919.0,imu1,12.5,4.05,0.42,incorrecto
4,4159929.0,imu1,12.5,4.05,0.42,incorrecto
4,4159939.0,imu1,12.5,4.04,0.42,incorrecto
4,4159949.0,imu1,12.5,4.05,0.42,incorrecto
4,4159959.0,imu1,12.5,4.05,0.42,incorrecto
4,4159969.0,imu1,12.5,4.05,0.42,incorrecto
4,4159979.0,imu1,12.5,4.05,0.42,incorrecto
5,4161031.0,imu1,12.49,4.06,0.44,incorrecto
5,4161041.0,imu1,12.49,4.06,0.44,incorrecto
5,4161051.0,imu1,12.49,4.06,0.44,incorrecto
5,4161061.0,imu1,12.49,4.06,0.44,incorrecto
5,4161071.0,imu1,12.49,4.06,0.44,incorrecto
5,4161081.0,imu1,12.49,4.06,0.45,incorrecto
5,4161091.0,imu1,12.49,4.06,0.45,incorrecto
5,4161101.0,imu1,12.49,4.06,0.45,incorrecto
5,4161111.0,imu1,12.49,4.06,0.45,incorrecto
5,4161121.0,imu1,12.49,4.06,0.45,incorrecto
5,4161131.0,imu1,12.49,4.06,0.44,incorrecto
5,4161141.0,imu1,12.49,4.06,0.44,incorrecto
5,4161151.0,imu1,12.49,4.06,0.44,incorrecto
5,4161161.0,imu1,12.49,4.06,0.44,incorrecto
5,4161171.0,imu1,12.49,4.06,0.44,incorrecto
5,4161181.0,imu1,12.49,4.06,0.44,incorrecto
5,4161191.0,imu1,12.49,4.06,0.45,incorrecto
5,4161201.0,imu1,12.49,4.06,0.45,incorrecto
5,4161211.0,imu1,12.49,4.06,0.45,incorrecto
5,4161221.0,imu1,12.49,4.06,0.45,incorrecto
5,4161231.0,imu1,12.49,4.06,0.45,incorrecto
5,4161241.0,imu1,12.49,4.06,0.45,incorrecto
5,4161251.0,imu1,12.49,4.06,0.45,incorrecto
5,4161261.0,imu1,12.49,4.06,0.45,incorrecto
5,4161271.0,imu1,12.49,4.07,0.45,incorrecto
5,4161282.0,imu1,12.49,4.07,0.45,incorrecto
5,4161291.0,imu1,12.49,4.06,0.45,incorrecto
5,4161302.0,imu1,12.49,4.06,0.45,incorrecto
5,4161312.0,imu1,12.49,4.06,0.45,incorrecto
5,4161322.0,imu1,12.49,4.06,0.45,incorrecto
5,4161332.0,imu1,12.49,4.06,0.45,incorrecto
5,4161342.0,imu1,12.49,4.06,0.45,incorrecto
5,4161352.0,imu1,12.49,4.06,0.45,incorrecto
5,4161362.0,imu1,12.49,4.06,0.45,incorrecto
5,4161372.0,imu1,12.49,4.06,0.45,incorrecto
5,4161382.0,imu1,12.49,4.06,0.45,incorrecto
5,4161392.0,imu1,12.49,4.06,0.45,incorrecto
5,4161402.0,imu1,12.49,4.06,0.45,incorrecto
5,4161412.0,imu1,12.49,4.06,0.46,incorrecto
5,4161422.0,imu1,12.49,4.06,0.46,incorrecto
5,4161432.0,imu1,12.49,4.05,0.46,incorrecto
5,4161442.0,imu1,12.49,4.05,0.46,incorrecto
5,4161452.0,imu1,12.49,4.05,0.46,incorrecto
5,4161462.0,imu1,12.49,4.05,0.46,incorrecto
5,4161472.0,imu1,12.49,4.05,0.46,incorrecto
5,4161482.0,imu1,12.49,4.05,0.46,incorrecto
5,4161492.0,imu1,12.49,4.05,0.46,incorrecto
5,4161502.0,imu1,12.49,4.05,0.46,incorrecto
5,4161512.0,imu1,12.49,4.05,0.46,incorrecto
5,4161522.0,imu1,12.49,4.07,0.46,incorrecto
5,4161532.0,imu1,12.49,4.13,0.46,incorrecto
5,4161542.0,imu1,12.49,4.25,0.47,incorrecto
5,4161552.0,imu1,12.5,4.56,0.44,incorrecto
5,4161562.0,imu1,12.57,5.26,0.37,incorrecto
5,4161572.0,imu1,12.71,6.34,0.28,incorrecto
5,4161582.0,imu1,12.92,7.61,0.25,incorrecto
5,4161592.0,imu1,13.15,8.98,0.27,incorrecto
5,4161602.0,imu1,13.4,10.43,0.29,incorrecto
5,4161612.0,imu1,13.64,11.97,0.32,incorrecto
5,4161622.0,imu1,13.87,13.57,0.35,incorrecto
5,4161632.0,imu1,14.08,15.2,0.36,incorrecto
5,4161642.0,imu1,14.28,16.81,0.4,incorrecto
5,4161652.0,imu1,14.5,18.4,0.44,incorrecto
5,4161662.0,imu1,14.73,19.88,0.49,incorrecto
5,4161672.0,imu1,14.96,21.23,0.54,incorrecto
5,4161682.0,imu1,15.18,22.4,0.54,incorrecto
5,4161692.0,imu1,15.36,23.41,0.55,incorrecto
5,4161702.0,imu1,15.5,24.2,0.53,incorrecto
5,4161712.0,imu1,15.58,24.78,0.49,incorrecto
5,4161722.0,imu1,15.62,25.16,0.44,incorrecto
5,4161732.0,imu1,15.63,25.36,0.41,incorrecto
5,4161742.0,imu1,15.64,25.43,0.39,incorrecto
5,4161752.0,imu1,15.64,25.45,0.38,incorrecto
5,4161762.0,imu1,15.65,25.42,0.37,incorrecto
5,4161772.0,imu1,15.65,25.34,0.35,incorrecto
5,4161782.0,imu1,15.64,25.14,0.34,incorrecto
5,4161792.0,imu1,15.62,24.79,0.34,incorrecto
5,4161802.0,imu1,15.57,24.19,0.33,incorrecto
5,4161812.0,imu1,15.47,23.28,0.35,incorrecto
5,4161822.0,imu1,15.31,22.04,0.36,incorrecto
5,4161832.0,imu1,15.13,20.62,0.34,incorrecto
5,4161842.0,imu1,14.83,19.08,0.35,incorrecto
5,4161852.0,imu1,14.45,17.53,0.37,incorrecto
5,4161862.0,imu1,14.04,15.98,0.35,incorrecto
5,4161872.0,imu1,13.64,14.38,0.35,incorrecto
5,4161882.0,imu1,13.24,12.7,0.35,incorrecto
5,4161892.0,imu1,12.85,10.98,0.36,incorrecto
5,4161902.0,imu1,12.48,9.28,0.37,incorrecto
5,4161912.0,imu1,12.14,7.64,0.39,incorrecto
5,4161922.0,imu1,11.86,6.11,0.4,incorrecto
5,4161932.0,imu1,11.65,4.63,0.47,incorrecto
5,4161943.0,imu1,11.54,3.36,0.53,incorrecto
5,4161953.0,imu1,11.55,3.1,0.52,incorrecto
5,4161963.0,imu1,11.57,3.16,0.5,incorrecto
5,4161973.0,imu1,11.6,3.12,0.51,incorrecto
5,4161983.0,imu1,11.63,3.14,0.5,incorrecto
5,4161993.0,imu1,11.68,3.17,0.5,incorrecto
5,4162003.0,imu1,11.72,3.17,0.5,incorrecto
5,4162013.0,imu1,11.75,3.2,0.5,incorrecto
5,4162023.0,imu1,11.78,3.21,0.5,incorrecto
5,4162033.0,imu1,11.8,3.22,0.5,incorrecto
5,4162043.0,imu1,11.82,3.23,0.5,incorrecto
5,4162053.0,imu1,11.83,3.23,0.5,incorrecto
5,4162063.0,imu1,11.84,3.24,0.5,incorrecto
5,4162073.0,imu1,11.84,3.25,0.5,incorrecto
6,4162594.0,imu1,12.06,3.63,0.49,incorrecto
6,4162604.0,imu1,12.06,3.64,0.49,incorrecto
6,4162614.0,imu1,12.06,3.64,0.49,incorrecto
6,4162624.0,imu1,12.06,3.65,0.49,incorrecto
6,4162634.0,imu1,12.06,3.66,0.49,incorrecto
6,4162644.0,imu1,12.06,3.66,0.49,incorrecto
6,4162654.0,imu1,12.06,3.66,0.49,incorrecto
6,4162664.0,imu1,12.06,3.66,0.49,incorrecto
6,4162674.0,imu1,12.06,3.67,0.49,incorrecto
6,4162684.0,imu1,12.06,3.68,0.49,incorrecto
6,4162694.0,imu1,12.06,3.68,0.49,incorrecto
6,4162704.0,imu1,12.06,3.68,0.49,incorrecto
6,4162714.0,imu1,12.06,3.69,0.49,incorrecto
6,4162724.0,imu1,12.06,3.69,0.49,incorrecto
6,4162734.0,imu1,12.06,3.69,0.49,incorrecto
6,4162744.0,imu1,12.06,3.7,0.49,incorrecto
6,4162754.0,imu1,12.06,3.7,0.49,incorrecto
6,4162764.0,imu1,12.06,3.7,0.49,incorrecto
6,4162774.0,imu1,12.06,3.71,0.49,incorrecto
6,4162784.0,imu1,12.06,3.71,0.49,incorrecto
6,4162794.0,imu1,12.06,3.72,0.49,incorrecto
6,4162804.0,imu1,12.06,3.72,0.49,incorrecto
6,4162814.0,imu1,12.06,3.73,0.49,incorrecto
6,4162824.0,imu1,12.06,3.73,0.49,incorrecto
6,4162834.0,imu1,12.06,3.73,0.49,incorrecto
6,4162844.0,imu1,12.06,3.74,0.49,incorrecto
6,4162854.0,imu1,12.06,3.75,0.48,incorrecto
6,4162864.0,imu1,12.06,3.76,0.48,incorrecto
6,4162874.0,imu1,12.06,3.78,0.48,incorrecto
6,4162884.0,imu1,12.06,3.82,0.48,incorrecto
6,4162894.0,imu1,12.06,3.89,0.48,incorrecto
6,4162904.0,imu1,12.06,4.1,0.47,incorrecto
6,4162914.0,imu1,12.07,4.71,0.43,incorrecto
6,4162924.0,imu1,12.09,5.93,0.35,incorrecto
6,4162934.0,imu1,12.15,7.6,0.26,incorrecto
6,4162944.0,imu1,12.26,9.54,0.25,incorrecto
6,4162954.0,imu1,12.43,11.66,0.25,incorrecto
6,4162964.0,imu1,12.62,13.92,0.26,incorrecto
6,4162974.0,imu1,12.77,16.2,0.27,incorrecto
6,4162984.0,imu1,12.89,18.3,0.22,incorrecto
6,4162994.0,imu1,13.06,20.23,0.22,incorrecto
6,4163004.0,imu1,13.28,22.07,0.23,incorrecto
6,4163014.0,imu1,13.47,23.79,0.24,incorrecto
6,4163024.0,imu1,13.61,25.28,0.27,incorrecto
6,4163034.0,imu1,13.74,26.6,0.29,incorrecto
6,4163044.0,imu1,13.83,27.83,0.3,incorrecto
6,4163054.0,imu1,13.89,28.91,0.31,incorrecto
6,4163064.0,imu1,13.9,29.75,0.31,incorrecto
6,4163074.0,imu1,13.88,30.29,0.29,incorrecto
6,4163084.0,imu1,13.84,30.54,0.25,incorrecto
6,4163094.0,imu1,13.77,30.51,0.23,incorrecto
6,4163104.0,imu1,13.69,30.24,0.21,incorrecto
6,4163114.0,imu1,13.62,29.81,0.19,incorrecto
6,4163124.0,imu1,13.55,29.22,0.18,incorrecto
6,4163134.0,imu1,13.45,28.37,0.17,incorrecto
6,4163144.0,imu1,13.3,27.15,0.17,incorrecto
6,4163154.0,imu1,13.1,25.58,0.19,incorrecto
6,4163164.0,imu1,12.84,23.73,0.21,incorrecto
6,4163174.0,imu1,12.52,21.72,0.23,incorrecto
6,4163184.0,imu1,12.15,19.63,0.25,incorrecto
6,4163194.0,imu1,11.74,17.49,0.26,incorrecto
6,4163205.0,imu1,11.3,15.33,0.27,incorrecto
6,4163215.0,imu1,10.85,13.1,0.28,incorrecto
6,4163225.0,imu1,10.41,10.77,0.31,incorrecto
6,4163235.0,imu1,9.98,8.35,0.35,incorrecto
6,4163245.0,imu1,9.59,5.89,0.39,incorrecto
6,4163255.0,imu1,9.3,3.52,0.51,incorrecto
6,4163265.0,imu1,9.26,2.77,0.48,incorrecto
6,4163275.0,imu1,9.29,2.87,0.42,incorrecto
6,4163285.0,imu1,9.39,2.81,0.44,incorrecto
6,4163295.0,imu1,9.46,2.79,0.45,incorrecto
6,4163305.0,imu1,9.54,2.82,0.42,incorrecto
6,4163315.0,imu1,9.63,2.84,0.44,incorrecto
6,4163325.0,imu1,9.73,2.88,0.44,incorrecto
6,4163335.0,imu1,9.8,3.0,0.45,incorrecto
6,4163345.0,imu1,9.84,3.03,0.46,incorrecto
6,4163355.0,imu1,9.86,3.03,0.47,incorrecto
6,4163365.0,imu1,9.87,3.02,0.46,incorrecto
6,4163375.0,imu1,9.88,3.05,0.47,incorrecto
6,4163385.0,imu1,9.89,3.07,0.48,incorrecto
6,4163395.0,imu1,9.9,3.09,0.48,incorrecto
6,4163405.0,imu1,9.91,3.1,0.48,incorrecto
6,4163415.0,imu1,9.92,3.11,0.48,incorrecto
6,4163425.0,imu1,9.92,3.14,0.48,incorrecto
6,4163435.0,imu1,9.93,3.17,0.49,incorrecto
6,4163445.0,imu1,9.94,3.17,0.48,incorrecto
6,4163455.0,imu1,9.95,3.17,0.48,incorrecto
6,4163465.0,imu1,9.96,3.2,0.48,incorrecto
6,4163475.0,imu1,9.97,3.21,0.48,incorrecto
6,4163485.0,imu1,9.97,3.21,0.48,incorrecto
6,4163495.0,imu1,9.97,3.23,0.49,incorrecto
6,4163505.0,imu1,9.98,3.24,0.49,incorrecto
6,4163515.0,imu1,9.98,3.24,0.49,incorrecto
6,4163525.0,imu1,9.99,3.26,0.49,incorrecto
6,4163535.0,imu1,9.99,3.27,0.48,incorrecto
1,24491.0,imu1,41.73,-1.84,0.0,correcto
1,24501.0,imu1,41.73,-1.84,0.0,correcto
1,24511.0,imu1,41.73,-1.84,0.0,correcto
1,24521.0,imu1,41.73,-1.84,0.0,correcto
1,24531.0,imu1,41.73,-1.84,0.0,correcto
1,24541.0,imu1,41.73,-1.84,0.0,correcto
1,24551.0,imu1,41.73,-1.84,0.0,correcto
1,24561.0,imu1,41.73,-1.84,0.0,correcto
1,24571.0,imu1,41.73,-1.84,0.0,correcto
1,24581.0,imu1,41.73,-1.84,-0.0,correcto
1,24591.0,imu1,41.73,-1.84,-0.0,correcto
1,24601.0,imu1,41.73,-1.84,-0.01,correcto
1,24611.0,imu1,41.73,-1.84,-0.01,correcto
1,24621.0,imu1,41.73,-1.84,-0.01,correcto
1,24631.0,imu1,41.73,-1.84,-0.02,correcto
1,24641.0,imu1,41.73,-1.84,-0.02,correcto
1,24651.0,imu1,41.73,-1.84,-0.02,correcto
1,24661.0,imu1,41.73,-1.84,-0.03,correcto
1,24671.0,imu1,41.73,-1.84,-0.03,correcto
1,24681.0,imu1,41.73,-1.84,-0.03,correcto
1,24691.0,imu1,41.73,-1.84,-0.03,correcto
1,24701.0,imu1,41.73,-1.84,-0.02,correcto
1,24711.0,imu1,41.73,-1.85,-0.02,correcto
1,24721.0,imu1,41.73,-1.85,-0.02,correcto
1,24731.0,imu1,41.73,-1.84,-0.02,correcto
1,24741.0,imu1,41.73,-1.85,-0.02,correcto
1,24751.0,imu1,41.73,-1.84,-0.02,correcto
1,24761.0,imu1,41.73,-1.84,-0.02,correcto
1,24771.0,imu1,41.73,-1.84,-0.02,correcto
1,24781.0,imu1,41.73,-1.85,-0.02,correcto
1,24791.0,imu1,41.73,-1.85,-0.02,correcto
1,24801.0,imu1,41.73,-1.85,-0.03,correcto
1,24811.0,imu1,41.74,-1.85,-0.03,correcto
1,24821.0,imu1,41.74,-1.85,-0.03,correcto
1,24831.0,imu1,41.74,-1.85,-0.04,correcto
1,24841.0,imu1,41.74,-1.85,-0.04,correcto
1,24851.0,imu1,41.74,-1.85,-0.05,correcto
1,24861.0,imu1,41.74,-1.85,-0.05,correcto
1,24871.0,imu1,41.74,-1.85,-0.05,correcto
1,24882.0,imu1,41.74,-1.85,-0.05,correcto
1,24892.0,imu1,41.74,-1.85,-0.05,correcto
1,24902.0,imu1,41.74,-1.85,-0.05,correcto
1,24912.0,imu1,41.75,-1.85,-0.05,correcto
1,24922.0,imu1,41.75,-1.85,-0.05,correcto
1,24932.0,imu1,41.75,-1.85,-0.05,correcto
1,24942.0,imu1,41.75,-1.85,-0.05,correcto
1,24952.0,imu1,41.75,-1.85,-0.05,correcto
1,24962.0,imu1,41.75,-1.85,-0.05,correcto
1,24972.0,imu1,41.75,-1.85,-0.05,correcto
1,24982.0,imu1,41.75,-1.85,-0.05,correcto
1,24992.0,imu1,41.75,-1.85,-0.04,correcto
1,25002.0,imu1,41.75,-1.86,-0.04,correcto
1,25012.0,imu1,41.75,-1.85,-0.05,correcto
1,25022.0,imu1,41.75,-1.85,-0.05,correcto
1,25032.0,imu1,41.75,-1.85,-0.05,correcto
1,25042.0,imu1,41.75,-1.84,-0.05,correcto
1,25052.0,imu1,41.75,-1.84,-0.05,correcto
1,25062.0,imu1,41.75,-1.84,-0.05,correcto
1,25072.0,imu1,41.75,-1.85,-0.06,correcto
1,25082.0,imu1,41.75,-1.85,-0.06,correcto
1,25092.0,imu1,41.75,-1.85,-0.06,correcto
1,25102.0,imu1,41.75,-1.85,-0.06,correcto
1,25112.0,imu1,41.75,-1.85,-0.06,correcto
1,25122.0,imu1,41.75,-1.85,-0.07,correcto
1,25132.0,imu1,41.75,-1.85,-0.07,correcto
1,25142.0,imu1,41.75,-1.85,-0.06,correcto
1,25152.0,imu1,41.75,-1.85,-0.06,correcto
1,25162.0,imu1,41.75,-1.85,-0.06,correcto
1,25172.0,imu1,41.75,-1.85,-0.06,correcto
1,25182.0,imu1,41.75,-1.85,-0.06,correcto
1,25192.0,imu1,41.75,-1.85,-0.06,correcto
1,25202.0,imu1,41.76,-1.85,-0.06,correcto
1,25212.0,imu1,41.76,-1.85,-0.06,correcto
1,25222.0,imu1,41.76,-1.85,-0.06,correcto
1,25232.0,imu1,41.76,-1.85,-0.06,correcto
1,25242.0,imu1,41.76,-1.85,-0.06,correcto
1,25252.0,imu1,41.76,-1.85,-0.07,correcto
1,25262.0,imu1,41.76,-1.85,-0.07,correcto
1,25272.0,imu1,41.76,-1.85,-0.07,correcto
1,25282.0,imu1,41.76,-1.84,-0.07,correcto
1,25292.0,imu1,41.76,-1.85,-0.08,correcto
1,25302.0,imu1,41.76,-1.85,-0.08,correcto
1,25312.0,imu1,41.76,-1.85,-0.08,correcto
1,25322.0,imu1,41.76,-1.85,-0.08,correcto
1,25332.0,imu1,41.76,-1.85,-0.08,correcto
1,25342.0,imu1,41.76,-1.85,-0.08,correcto
1,25352.0,imu1,41.76,-1.85,-0.08,correcto
1,25362.0,imu1,41.76,-1.85,-0.08,correcto
1,25372.0,imu1,41.76,-1.85,-0.08,correcto
1,25382.0,imu1,41.77,-1.85,-0.08,correcto
1,25392.0,imu1,41.77,-1.85,-0.08,correcto
1,25402.0,imu1,41.77,-1.85,-0.08,correcto
1,25412.0,imu1,41.77,-1.85,-0.08,correcto
1,25422.0,imu1,41.77,-1.85,-0.08,correcto
1,25432.0,imu1,41.77,-1.85,-0.08,correcto
1,25442.0,imu1,41.77,-1.85,-0.09,correcto
1,25452.0,imu1,41.77,-1.85,-0.09,correcto
1,25462.0,imu1,41.77,-1.85,-0.09,correcto
1,25472.0,imu1,41.77,-1.85,-0.09,correcto
1,25482.0,imu1,41.77,-1.85,-0.09,correcto
1,25492.0,imu1,41.77,-1.85,-0.09,correcto
1,25502.0,imu1,41.77,-1.85,-0.09,correcto
1,25512.0,imu1,41.77,-1.85,-0.09,correcto
1,25522.0,imu1,41.77,-1.85,-0.09,correcto
1,25532.0,imu1,41.77,-1.85,-0.09,correcto
1,25542.0,imu1,41.77,-1.85,-0.09,correcto
1,25553.0,imu1,41.77,-1.85,-0.09,correcto
1,25563.0,imu1,41.77,-1.85,-0.09,correcto
1,25573.0,imu1,41.77,-1.86,-0.1,correcto
1,25583.0,imu1,41.77,-1.86,-0.1,correcto
1,25593.0,imu1,41.77,-1.86,-0.1,correcto
1,25603.0,imu1,41.77,-1.85,-0.11,correcto
1,25613.0,imu1,41.77,-1.85,-0.11,correcto
1,25623.0,imu1,41.77,-1.85,-0.11,correcto
1,25633.0,imu1,41.77,-1.85,-0.11,correcto
1,25643.0,imu1,41.77,-1.85,-0.11,correcto
1,25653.0,imu1,41.77,-1.85,-0.11,correcto
1,25663.0,imu1,41.78,-1.85,-0.11,correcto
1,25673.0,imu1,41.78,-1.85,-0.11,correcto
1,25683.0,imu1,41.78,-1.85,-0.11,correcto
1,25693.0,imu1,41.78,-1.85,-0.11,correcto
1,25703.0,imu1,41.78,-1.85,-0.11,correcto
1,25713.0,imu1,41.78,-1.86,-0.1,correcto
1,25723.0,imu1,41.78,-1.86,-0.1,correcto
1,25733.0,imu1,41.78,-1.86,-0.1,correcto
1,25743.0,imu1,41.78,-1.86,-0.1,correcto
1,25753.0,imu1,41.78,-1.86,-0.1,correcto
1,25763.0,imu1,41.78,-1.86,-0.1,correcto
1,25773.0,imu1,41.78,-1.85,-0.11,correcto
1,25783.0,imu1,41.78,-1.85,-0.11,correcto
1,25793.0,imu1,41.78,-1.85,-0.11,correcto
1,25803.0,imu1,41.78,-1.85,-0.11,correcto
1,25813.0,imu1,41.78,-1.85,-0.11,correcto
1,25823.0,imu1,41.78,-1.85,-0.11,correcto
1,25833.0,imu1,41.78,-1.85,-0.11,correcto
1,25843.0,imu1,41.78,-1.86,-0.12,correcto
1,25853.0,imu1,41.78,-1.86,-0.12,correcto
1,25863.0,imu1,41.79,-1.86,-0.12,correcto
1,25873.0,imu1,41.79,-1.86,-0.12,correcto
1,25883.0,imu1,41.79,-1.86,-0.12,correcto
1,25893.0,imu1,41.79,-1.85,-0.11,correcto
1,25903.0,imu1,41.79,-1.85,-0.11,correcto
1,25913.0,imu1,41.79,-1.85,-0.11,correcto
1,25923.0,imu1,41.79,-1.85,-0.11,correcto
1,25933.0,imu1,41.79,-1.85,-0.11,correcto
1,25943.0,imu1,41.79,-1.85,-0.11,correcto
1,25953.0,imu1,41.79,-1.85,-0.11,correcto
1,25963.0,imu1,41.79,-1.85,-0.11,correcto
1,25973.0,imu1,41.79,-1.85,-0.12,correcto
1,25983.0,imu1,41.79,-1.85,-0.12,correcto
1,25993.0,imu1,41.79,-1.85,-0.12,correcto
1,26003.0,imu1,41.79,-1.85,-0.12,correcto
1,26013.0,imu1,41.79,-1.85,-0.13,correcto
1,26023.0,imu1,41.79,-1.85,-0.13,correcto
1,26033.0,imu1,41.79,-1.85,-0.13,correcto
1,26043.0,imu1,41.79,-1.85,-0.13,correcto
1,26053.0,imu1,41.79,-1.85,-0.13,correcto
1,26063.0,imu1,41.79,-1.85,-0.13,correcto
1,26073.0,imu1,41.79,-1.85,-0.13,correcto
1,26083.0,imu1,41.79,-1.85,-0.13,correcto
1,26093.0,imu1,41.79,-1.85,-0.13,correcto
1,26103.0,imu1,41.79,-1.85,-0.13,correcto
1,26113.0,imu1,41.79,-1.85,-0.13,correcto
1,26123.0,imu1,41.79,-1.85,-0.13,correcto
1,26133.0,imu1,41.79,-1.85,-0.13,correcto
1,26143.0,imu1,41.79,-1.85,-0.13,correcto
1,26153.0,imu1,41.79,-1.85,-0.13,correcto
1,26163.0,imu1,41.79,-1.85,-0.13,correcto
1,26173.0,imu1,41.79,-1.85,-0.13,correcto
1,26183.0,imu1,41.79,-1.86,-0.13,correcto
1,26193.0,imu1,41.79,-1.86,-0.14,correcto
1,26203.0,imu1,41.79,-1.86,-0.14,correcto
1,26213.0,imu1,41.79,-1.86,-0.14,correcto
1,26224.0,imu1,41.79,-1.86,-0.14,correcto
1,26234.0,imu1,41.79,-1.86,-0.14,correcto
1,26244.0,imu1,41.79,-1.86,-0.14,correcto
1,26254.0,imu1,41.79,-1.86,-0.14,correcto
1,26264.0,imu1,41.79,-1.86,-0.14,correcto
1,26274.0,imu1,41.79,-1.86,-0.14,correcto
1,26284.0,imu1,41.79,-1.86,-0.14,correcto
1,26294.0,imu1,41.79,-1.86,-0.14,correcto
1,26304.0,imu1,41.8,-1.86,-0.14,correcto
1,26314.0,imu1,41.8,-1.86,-0.14,correcto
1,26324.0,imu1,41.8,-1.86,-0.13,correcto
1,26334.0,imu1,41.8,-1.86,-0.13,correcto
1,26344.0,imu1,41.8,-1.86,-0.13,correcto
1,26354.0,imu1,41.8,-1.86,-0.13,correcto
1,26364.0,imu1,41.8,-1.85,-0.13,correcto
1,26374.0,imu1,41.8,-1.85,-0.13,correcto
1,26384.0,imu1,41.8,-1.85,-0.13,correcto
1,26394.0,imu1,41.8,-1.85,-0.13,correcto
1,26404.0,imu1,41.8,-1.85,-0.13,correcto
1,26414.0,imu1,41.8,-1.85,-0.13,correcto
1,26424.0,imu1,41.8,-1.85,-0.14,correcto
1,26434.0,imu1,41.8,-1.86,-0.14,correcto
1,26444.0,imu1,41.8,-1.86,-0.14,correcto
1,26454.0,imu1,41.8,-1.86,-0.14,correcto
1,26464.0,imu1,41.8,-1.86,-0.14,correcto
1,26474.0,imu1,41.8,-1.85,-0.15,correcto
1,26484.0,imu1,41.8,-1.86,-0.14,correcto
1,26494.0,imu1,41.8,-1.86,-0.14,correcto
1,26504.0,imu1,41.8,-1.86,-0.14,correcto
1,26514.0,imu1,41.8,-1.86,-0.14,correcto
1,26524.0,imu1,41.8,-1.86,-0.14,correcto
1,26534.0,imu1,41.8,-1.86,-0.14,correcto
1,26544.0,imu1,41.81,-1.85,-0.14,correcto
1,26554.0,imu1,41.81,-1.85,-0.14,correcto
1,26564.0,imu1,41.81,-1.85,-0.14,correcto
1,26574.0,imu1,41.81,-1.85,-0.14,correcto
1,26584.0,imu1,41.81,-1.85,-0.14,correcto
1,26594.0,imu1,41.81,-1.85,-0.14,correcto
1,26604.0,imu1,41.81,-1.85,-0.14,correcto
1,26614.0,imu1,41.81,-1.85,-0.14,correcto
1,26624.0,imu1,41.81,-1.85,-0.14,correcto
1,26634.0,imu1,41.81,-1.85,-0.14,correcto
1,26644.0,imu1,41.81,-1.85,-0.14,correcto
1,26654.0,imu1,41.81,-1.85,-0.14,correcto
1,26664.0,imu1,41.81,-1.85,-0.14,correcto
1,26674.0,imu1,41.81,-1.85,-0.14,correcto
1,26684.0,imu1,41.81,-1.85,-0.14,correcto
1,26694.0,imu1,41.81,-1.85,-0.14,correcto
1,26704.0,imu1,41.81,-1.85,-0.14,correcto
1,26714.0,imu1,41.81,-1.85,-0.14,correcto
1,26724.0,imu1,41.81,-1.84,-0.13,correcto
