rep_id,timestamp,yaw,pitch,roll,etiqueta
1,2684012.0,61.28,12.29,-8.07,correcto
1,2684022.0,61.28,12.31,-8.08,correcto
1,2684032.0,61.29,12.33,-8.1,correcto
1,2684042.0,61.3,12.34,-8.1,correcto
1,2684052.0,61.29,12.36,-8.1,correcto
1,2684062.0,61.28,12.36,-8.1,correcto
1,2684072.0,61.27,12.37,-8.09,correcto
1,2684083.0,61.26,12.37,-8.09,correcto
1,2684093.0,61.25,12.36,-8.08,correcto
1,2684103.0,61.23,12.34,-8.09,correcto
1,2684113.0,61.23,12.33,-8.1,correcto
1,2684123.0,61.22,12.32,-8.1,correcto
1,2684133.0,61.21,12.29,-8.11,correcto
1,2684143.0,61.19,12.27,-8.1,correcto
1,2684153.0,61.17,12.25,-8.11,correcto
1,2684163.0,61.15,12.22,-8.11,correcto
1,2684173.0,61.14,12.2,-8.12,correcto
1,2684183.0,61.12,12.18,-8.12,correcto
1,2684193.0,61.11,12.16,-8.13,correcto
1,2684203.0,61.1,12.14,-8.13,correcto
1,2684213.0,61.09,12.13,-8.13,correcto
1,2684223.0,61.08,12.14,-8.14,correcto
1,2684233.0,61.08,12.15,-8.14,correcto
1,2684243.0,61.07,12.16,-8.14,correcto
1,2684253.0,61.05,12.17,-8.14,correcto
1,2684263.0,61.04,12.18,-8.14,correcto
1,2684273.0,61.01,12.19,-8.13,correcto
1,2684283.0,61.0,12.19,-8.12,correcto
1,2684293.0,60.98,12.19,-8.11,correcto
1,2684303.0,60.98,12.2,-8.1,correcto
1,2684313.0,60.98,12.2,-8.1,correcto
1,2684323.0,60.99,12.21,-8.1,correcto
1,2684333.0,61.0,12.23,-8.11,correcto
1,2684343.0,61.01,12.24,-8.12,correcto
1,2684353.0,61.02,12.26,-8.13,correcto
1,2684363.0,61.03,12.27,-8.13,correcto
1,2684373.0,61.04,12.27,-8.13,correcto
1,2684383.0,61.04,12.28,-8.13,correcto
1,2684393.0,61.05,12.28,-8.13,correcto
1,2684403.0,61.06,12.28,-8.13,correcto
1,2684413.0,61.06,12.28,-8.13,correcto
1,2684423.0,61.07,12.27,-8.14,correcto
1,2684433.0,61.07,12.27,-8.13,correcto
1,2684443.0,61.09,12.25,-8.13,correcto
1,2684453.0,61.09,12.24,-8.13,correcto
1,2684463.0,61.11,12.22,-8.12,correcto
1,2684473.0,61.11,12.2,-8.12,correcto
1,2684483.0,61.11,12.2,-8.12,correcto
1,2684493.0,61.11,12.19,-8.12,correcto
1,2684503.0,61.11,12.19,-8.11,correcto
1,2684513.0,61.1,12.18,-8.1,correcto
1,2684523.0,61.09,12.18,-8.1,correcto
1,2684533.0,61.09,12.18,-8.1,correcto
1,2684543.0,61.09,12.18,-8.1,correcto
1,2684553.0,61.1,12.18,-8.11,correcto
1,2684563.0,61.12,12.19,-8.12,correcto
1,2684573.0,61.13,12.19,-8.15,correcto
1,2684583.0,61.13,12.18,-8.16,correcto
1,2684593.0,61.13,12.19,-8.16,correcto
1,2684603.0,61.13,12.19,-8.17,correcto
1,2684613.0,61.12,12.19,-8.18,correcto
1,2684623.0,61.12,12.2,-8.2,correcto
1,2684633.0,61.13,12.22,-8.21,correcto
1,2684643.0,61.14,12.25,-8.23,correcto
1,2684653.0,61.15,12.29,-8.25,correcto
1,2684663.0,61.16,12.32,-8.27,correcto
1,2684673.0,61.15,12.36,-8.27,correcto
1,2684683.0,61.13,12.39,-8.27,correcto
1,2684693.0,61.1,12.41,-8.27,correcto
1,2684704.0,61.08,12.41,-8.26,correcto
1,2684714.0,61.06,12.42,-8.23,correcto
1,2684724.0,61.05,12.43,-8.22,correcto
1,2684734.0,61.06,12.46,-8.22,correcto
1,2684744.0,61.08,12.51,-8.25,correcto
1,2684754.0,61.09,12.56,-8.3,correcto
1,2684764.0,61.06,12.59,-8.34,correcto
1,2684774.0,60.96,12.58,-8.35,correcto
1,2684784.0,60.77,12.54,-8.31,correcto
1,2684794.0,60.48,12.44,-8.23,correcto
1,2684804.0,60.08,12.23,-8.14,correcto
1,2684814.0,59.59,11.91,-8.03,correcto
1,2684824.0,59.05,11.48,-7.88,correcto
1,2684834.0,58.44,10.93,-7.71,correcto
1,2684844.0,57.79,10.25,-7.52,correcto
1,2684854.0,57.1,9.45,-7.31,correcto
1,2684864.0,56.39,8.51,-7.1,correcto
1,2684874.0,55.7,7.46,-6.9,correcto
1,2684884.0,55.03,6.24,-6.73,correcto
1,2684894.0,54.41,4.88,-6.6,correcto
1,2684904.0,53.83,3.38,-6.51,correcto
1,2684914.0,53.34,1.75,-6.45,correcto
1,2684924.0,52.94,0.05,-6.37,correcto
1,2684934.0,52.64,-1.73,-6.3,correcto
1,2684944.0,52.42,-3.57,-6.22,correcto
1,2684954.0,52.29,-5.49,-6.14,correcto
1,2684964.0,52.23,-7.5,-6.07,correcto
1,2684974.0,52.26,-9.59,-6.04,correcto
1,2684984.0,52.4,-11.72,-6.03,correcto
1,2684994.0,52.66,-13.88,-6.05,correcto
1,2685004.0,53.01,-16.05,-6.13,correcto
1,2685014.0,53.47,-18.26,-6.28,correcto
1,2685024.0,54.04,-20.51,-6.5,correcto
1,2685034.0,54.7,-22.81,-6.81,correcto
1,2685044.0,55.43,-25.15,-7.16,correcto
1,2685054.0,56.24,-27.57,-7.56,correcto
1,2685064.0,57.15,-30.04,-8.0,correcto
1,2685074.0,58.16,-32.57,-8.48,correcto
1,2685084.0,59.3,-35.16,-9.0,correcto
1,2685094.0,60.52,-37.75,-9.57,correcto
1,2685104.0,61.77,-40.28,-10.17,correcto
1,2685114.0,63.07,-42.82,-10.85,correcto
1,2685124.0,64.47,-45.4,-11.65,correcto
1,2685134.0,66.08,-48.05,-12.64,correcto
1,2685144.0,67.93,-50.71,-13.92,correcto
1,2685154.0,70.03,-53.36,-15.56,correcto
1,2685164.0,72.34,-55.97,-17.59,correcto
1,2685174.0,74.86,-58.55,-20.08,correcto
1,2685184.0,77.6,-61.07,-23.12,correcto
1,2685194.0,80.45,-63.46,-26.67,correcto
1,2685204.0,83.27,-65.64,-30.7,correcto
1,2685214.0,86.05,-67.6,-35.26,correcto
1,2685224.0,88.76,-69.32,-40.44,correcto
1,2685234.0,91.44,-70.75,-46.27,correcto
1,2685244.0,94.11,-71.89,-52.79,correcto
1,2685254.0,96.77,-72.72,-59.91,correcto
1,2685264.0,99.35,-73.26,-67.29,correcto
1,2685274.0,101.84,-73.54,-74.84,correcto
1,2685284.0,104.21,-73.58,-82.26,correcto
1,2685295.0,106.42,-73.39,-89.29,correcto
1,2685305.0,108.48,-106.97,-95.86,correcto
1,2685315.0,110.39,-107.46,-101.89,correcto
1,2685325.0,112.14,-108.06,-107.39,correcto
1,2685335.0,113.72,-108.72,-112.31,correcto
1,2685345.0,115.11,-109.41,-116.59,correcto
1,2685355.0,116.35,-110.14,-120.32,correcto
1,2685365.0,117.5,-110.93,-123.54,correcto
1,2685375.0,118.53,-111.74,-126.31,correcto
1,2685385.0,119.53,-112.57,-128.71,correcto
1,2685395.0,120.55,-113.48,-130.89,correcto
1,2685405.0,121.65,-114.47,-132.86,correcto
1,2685415.0,122.88,-115.61,-134.49,correcto
1,2685425.0,124.25,-116.89,-135.6,correcto
1,2685435.0,125.79,-118.32,-136.32,correcto
1,2685445.0,127.45,-119.83,-136.75,correcto
1,2685455.0,129.2,-121.4,-137.0,correcto
1,2685465.0,131.13,-123.08,-137.16,correcto
1,2685475.0,133.25,-124.87,-137.38,correcto
1,2685485.0,135.49,-126.74,-137.72,correcto
1,2685495.0,137.82,-128.69,-138.33,correcto
1,2685505.0,140.12,-130.72,-139.25,correcto
1,2685515.0,142.19,-132.75,-140.36,correcto
1,2685525.0,143.89,-134.67,-141.58,correcto
1,2685535.0,145.16,-136.4,-142.8,correcto
1,2685545.0,146.06,-137.89,-143.94,correcto
1,2685555.0,146.66,-139.13,-144.93,correcto
1,2685565.0,147.07,-140.09,-145.71,correcto
1,2685575.0,147.4,-140.8,-146.22,correcto
1,2685585.0,147.66,-141.22,-146.44,correcto
1,2685595.0,147.86,-141.31,-146.36,correcto
1,2685605.0,148.01,-141.09,-146.01,correcto
1,2685615.0,148.08,-140.59,-145.41,correcto
1,2685625.0,148.07,-139.85,-144.58,correcto
1,2685635.0,147.92,-138.93,-143.54,correcto
1,2685645.0,147.63,-137.9,-142.43,correcto
1,2685655.0,147.18,-136.81,-141.28,correcto
1,2685665.0,146.53,-135.69,-140.15,correcto
1,2685675.0,145.68,-134.52,-138.99,correcto
1,2685685.0,144.59,-133.23,-137.77,correcto
1,2685695.0,143.3,-131.82,-136.46,correcto
1,2685705.0,141.9,-130.34,-135.06,correcto
1,2685715.0,140.42,-128.81,-133.49,correcto
1,2685725.0,138.91,-127.3,-131.73,correcto
1,2685735.0,137.34,-125.8,-129.77,correcto
1,2685745.0,135.73,-124.33,-127.65,correcto
1,2685755.0,134.05,-122.92,-125.44,correcto
1,2685765.0,132.3,-121.56,-123.08,correcto
1,2685775.0,130.34,-120.21,-120.37,correcto
1,2685785.0,128.15,-118.84,-117.28,correcto
1,2685795.0,125.8,-117.5,-113.92,correcto
1,2685805.0,123.3,-116.17,-110.31,correcto
1,2685815.0,120.66,-114.86,-106.41,correcto
1,2685825.0,117.95,-113.61,-102.23,correcto
1,2685835.0,115.17,-112.44,-97.66,correcto
1,2685845.0,112.35,-111.41,-92.58,correcto
1,2685855.0,109.5,-69.41,-86.99,correcto
1,2685865.0,106.61,-69.96,-80.73,correcto
1,2685875.0,103.6,-70.19,-73.83,correcto
1,2685885.0,100.55,-70.13,-66.68,correcto
1,2685895.0,97.54,-69.8,-59.76,correcto
1,2685906.0,94.62,-69.23,-53.25,correcto
1,2685916.0,91.74,-68.43,-47.15,correcto
1,2685926.0,88.94,-67.41,-41.61,correcto
1,2685936.0,86.3,-66.2,-36.78,correcto
1,2685946.0,83.81,-64.81,-32.6,correcto
1,2685956.0,81.4,-63.18,-28.92,correcto
1,2685966.0,79.04,-61.31,-25.62,correcto
1,2685976.0,76.75,-59.27,-22.76,correcto
1,2685986.0,74.58,-57.15,-20.31,correcto
1,2685996.0,72.55,-55.02,-18.2,correcto
1,2686006.0,70.69,-52.96,-16.38,correcto
1,2686016.0,68.99,-50.96,-14.78,correcto
1,2686026.0,67.44,-49.01,-13.35,correcto
1,2686036.0,66.04,-47.1,-12.11,correcto
1,2686046.0,64.79,-45.23,-11.09,correcto
1,2686056.0,63.71,-43.37,-10.31,correcto
1,2686066.0,62.76,-41.52,-9.71,correcto
1,2686076.0,61.88,-39.61,-9.23,correcto
1,2686086.0,61.0,-37.66,-8.79,correcto
1,2686096.0,60.15,-35.7,-8.36,correcto
1,2686106.0,59.3,-33.73,-7.93,correcto
1,2686116.0,58.46,-31.75,-7.46,correcto
1,2686126.0,57.67,-29.75,-6.98,correcto
1,2686136.0,56.88,-27.7,-6.45,correcto
1,2686146.0,56.11,-25.62,-5.88,correcto
1,2686156.0,55.34,-23.53,-5.24,correcto
1,2686166.0,54.56,-21.49,-4.55,correcto
1,2686176.0,53.75,-19.51,-3.79,correcto
1,2686186.0,52.92,-17.64,-2.99,correcto
1,2686196.0,52.13,-15.91,-2.21,correcto
1,2686206.0,51.41,-14.33,-1.5,correcto
1,2686216.0,50.79,-12.89,-0.92,correcto
1,2686226.0,50.3,-11.49,-0.53,correcto
1,2686236.0,49.94,-10.02,-0.3,correcto
1,2686246.0,49.73,-8.48,-0.24,correcto
1,2686256.0,49.62,-6.94,-0.31,correcto
1,2686266.0,49.59,-5.45,-0.5,correcto
1,2686276.0,49.62,-4.05,-0.76,correcto
1,2686286.0,49.68,-2.73,-1.03,correcto
1,2686296.0,49.77,-1.46,-1.28,correcto
1,2686306.0,49.87,-0.21,-1.49,correcto
1,2686316.0,49.98,1.02,-1.65,correcto
1,2686326.0,50.08,2.21,-1.77,correcto
1,2686336.0,50.19,3.34,-1.89,correcto
1,2686346.0,50.32,4.43,-2.01,correcto
1,2686356.0,50.48,5.49,-2.16,correcto
1,2686366.0,50.67,6.52,-2.33,correcto
1,2686376.0,50.89,7.52,-2.51,correcto
1,2686386.0,51.14,8.52,-2.68,correcto
1,2686396.0,51.4,9.51,-2.87,correcto
1,2686406.0,51.68,10.47,-3.05,correcto
1,2686416.0,51.97,11.41,-3.2,correcto
1,2686426.0,52.3,12.33,-3.32,correcto
1,2686436.0,52.7,13.24,-3.43,correcto
1,2686446.0,53.14,14.15,-3.51,correcto
1,2686456.0,53.59,15.05,-3.6,correcto
1,2686466.0,54.04,15.94,-3.72,correcto
1,2686476.0,54.45,16.85,-3.86,correcto
1,2686486.0,54.79,17.74,-4.01,correcto
1,2686496.0,55.06,18.54,-4.15,correcto
1,2686506.0,55.22,19.22,-4.28,correcto
1,2686516.0,55.25,19.73,-4.39,correcto
1,2686526.0,55.16,20.06,-4.46,correcto
1,2686537.0,55.02,20.2,-4.47,correcto
1,2686547.0,54.84,20.15,-4.43,correcto
1,2686557.0,54.72,19.93,-4.36,correcto
1,2686567.0,54.68,19.62,-4.27,correcto
1,2686577.0,54.75,19.26,-4.21,correcto
1,2686587.0,54.9,18.89,-4.21,correcto
1,2686597.0,55.09,18.55,-4.26,correcto
1,2686607.0,55.3,18.24,-4.35,correcto
1,2686617.0,55.49,17.97,-4.47,correcto
1,2686627.0,55.66,17.71,-4.6,correcto
1,2686637.0,55.79,17.44,-4.71,correcto
1,2686647.0,55.89,17.16,-4.78,correcto
1,2686657.0,55.96,16.88,-4.82,correcto
1,2686667.0,56.03,16.6,-4.83,correcto
1,2686677.0,56.08,16.33,-4.84,correcto
1,2686687.0,56.12,16.05,-4.86,correcto
1,2686697.0,56.15,15.78,-4.89,correcto
1,2686707.0,56.19,15.53,-4.93,correcto
1,2686717.0,56.22,15.28,-4.96,correcto
1,2686727.0,56.25,15.05,-5.01,correcto
1,2686737.0,56.28,14.83,-5.05,correcto
1,2686747.0,56.32,14.62,-5.08,correcto
1,2686757.0,56.37,14.45,-5.09,correcto
1,2686767.0,56.43,14.32,-5.09,correcto
1,2686777.0,56.5,14.23,-5.11,correcto
1,2686787.0,56.58,14.16,-5.14,correcto
1,2686797.0,56.67,14.1,-5.17,correcto
1,2686807.0,56.75,14.06,-5.19,correcto
1,2686817.0,56.83,14.04,-5.2,correcto
1,2686827.0,56.9,14.04,-5.21,correcto
1,2686837.0,56.97,14.05,-5.21,correcto
1,2686847.0,57.04,14.06,-5.21,correcto
1,2686857.0,57.12,14.09,-5.23,correcto
1,2686867.0,57.21,14.12,-5.25,correcto
1,2686877.0,57.3,14.17,-5.27,correcto
1,2686887.0,57.38,14.22,-5.29,correcto
1,2686897.0,57.46,14.29,-5.32,correcto
1,2686907.0,57.53,14.36,-5.35,correcto
1,2686917.0,57.6,14.44,-5.4,correcto
1,2686927.0,57.66,14.51,-5.43,correcto
1,2686937.0,57.71,14.57,-5.47,correcto
1,2686947.0,57.76,14.62,-5.5,correcto
1,2686957.0,57.83,14.65,-5.54,correcto
1,2686967.0,57.9,14.66,-5.58,correcto
2,2688229.0,60.12,11.99,-6.99,correcto
2,2688239.0,60.14,11.97,-6.98,correcto
2,2688249.0,60.14,11.95,-6.97,correcto
2,2688259.0,60.15,11.94,-6.97,correcto
2,2688269.0,60.17,11.94,-6.96,correcto
2,2688279.0,60.2,11.95,-6.97,correcto
2,2688289.0,60.23,11.97,-6.98,correcto
2,2688299.0,60.26,11.98,-6.99,correcto
2,2688309.0,60.28,11.99,-7.01,correcto
2,2688319.0,60.3,12.0,-7.02,correcto
2,2688329.0,60.31,11.99,-7.01,correcto
2,2688339.0,60.3,11.99,-7.0,correcto
2,2688349.0,60.29,11.97,-6.98,correcto
2,2688360.0,60.29,11.96,-6.97,correcto
2,2688370.0,60.28,11.95,-6.97,correcto
2,2688380.0,60.27,11.93,-6.96,correcto
2,2688390.0,60.27,11.91,-6.97,correcto
2,2688400.0,60.27,11.88,-6.97,correcto
2,2688410.0,60.29,11.85,-6.97,correcto
2,2688420.0,60.3,11.83,-6.97,correcto
2,2688430.0,60.32,11.82,-6.97,correcto
2,2688440.0,60.33,11.83,-6.98,correcto
2,2688450.0,60.33,11.82,-6.98,correcto
2,2688460.0,60.33,11.81,-6.98,correcto
2,2688470.0,60.33,11.81,-6.97,correcto
2,2688480.0,60.34,11.81,-6.97,correcto
2,2688490.0,60.34,11.79,-6.97,correcto
2,2688500.0,60.35,11.79,-6.97,correcto
2,2688510.0,60.35,11.78,-6.97,correcto
2,2688520.0,60.36,11.76,-6.96,correcto
2,2688530.0,60.35,11.75,-6.95,correcto
2,2688540.0,60.35,11.74,-6.93,correcto
2,2688550.0,60.34,11.73,-6.91,correcto
2,2688560.0,60.33,11.73,-6.9,correcto
2,2688570.0,60.35,11.73,-6.88,correcto
2,2688580.0,60.36,11.73,-6.89,correcto
2,2688590.0,60.37,11.73,-6.9,correcto
2,2688600.0,60.38,11.72,-6.91,correcto
2,2688610.0,60.39,11.72,-6.91,correcto
2,2688620.0,60.4,11.71,-6.91,correcto
2,2688630.0,60.4,11.71,-6.92,correcto
2,2688640.0,60.41,11.69,-6.92,correcto
2,2688650.0,60.44,11.69,-6.93,correcto
2,2688660.0,60.45,11.69,-6.94,correcto
2,2688670.0,60.46,11.69,-6.96,correcto
2,2688680.0,60.47,11.7,-6.97,correcto
2,2688690.0,60.47,11.7,-6.97,correcto
2,2688700.0,60.47,11.7,-6.98,correcto
2,2688710.0,60.47,11.69,-6.98,correcto
2,2688720.0,60.46,11.69,-6.97,correcto
2,2688730.0,60.45,11.7,-6.96,correcto
2,2688740.0,60.45,11.71,-6.95,correcto
2,2688750.0,60.45,11.72,-6.94,correcto
2,2688760.0,60.45,11.72,-6.94,correcto
2,2688770.0,60.46,11.72,-6.94,correcto
2,2688780.0,60.46,11.71,-6.94,correcto
2,2688790.0,60.48,11.71,-6.93,correcto
2,2688800.0,60.49,11.71,-6.93,correcto
2,2688810.0,60.5,11.72,-6.93,correcto
2,2688820.0,60.53,11.73,-6.93,correcto
2,2688830.0,60.55,11.76,-6.93,correcto
2,2688840.0,60.56,11.79,-6.92,correcto
2,2688850.0,60.57,11.83,-6.92,correcto
2,2688860.0,60.56,11.86,-6.89,correcto
2,2688870.0,60.55,11.9,-6.86,correcto
2,2688880.0,60.54,11.92,-6.83,correcto
2,2688890.0,60.52,11.94,-6.81,correcto
2,2688900.0,60.47,11.94,-6.8,correcto
2,2688910.0,60.4,11.91,-6.81,correcto
2,2688920.0,60.25,11.82,-6.82,correcto
2,2688930.0,60.03,11.67,-6.86,correcto
2,2688940.0,59.78,11.43,-6.95,correcto
2,2688950.0,59.5,11.08,-7.07,correcto
2,2688960.0,59.18,10.6,-7.25,correcto
2,2688971.0,58.86,9.98,-7.45,correcto
2,2688981.0,58.53,9.2,-7.65,correcto
2,2688991.0,58.2,8.25,-7.83,correcto
2,2689001.0,57.9,7.17,-7.97,correcto
2,2689011.0,57.6,5.95,-8.07,correcto
2,2689021.0,57.32,4.62,-8.13,correcto
2,2689031.0,57.05,3.18,-8.15,correcto
2,2689041.0,56.81,1.65,-8.13,correcto
2,2689051.0,56.61,0.05,-8.09,correcto
2,2689061.0,56.45,-1.59,-8.06,correcto
2,2689071.0,56.36,-3.28,-8.08,correcto
2,2689081.0,56.34,-4.99,-8.15,correcto
2,2689091.0,56.42,-6.72,-8.3,correcto
2,2689101.0,56.6,-8.47,-8.55,correcto
2,2689111.0,56.91,-10.22,-8.92,correcto
2,2689121.0,57.33,-11.99,-9.42,correcto
2,2689131.0,57.88,-13.75,-10.07,correcto
2,2689141.0,58.57,-15.48,-10.87,correcto
2,2689151.0,59.36,-17.12,-11.78,correcto
2,2689161.0,60.24,-18.65,-12.8,correcto
2,2689171.0,61.13,-20.05,-13.88,correcto
2,2689181.0,61.95,-21.35,-14.95,correcto
2,2689191.0,62.67,-22.61,-16.0,correcto
2,2689201.0,63.26,-23.91,-16.99,correcto
2,2689211.0,63.8,-25.31,-17.87,correcto
2,2689221.0,64.33,-26.82,-18.64,correcto
2,2689231.0,64.93,-28.48,-19.32,correcto
2,2689241.0,65.59,-30.24,-19.92,correcto
2,2689251.0,66.29,-32.06,-20.44,correcto
2,2689261.0,66.98,-33.9,-20.91,correcto
2,2689271.0,67.69,-35.73,-21.37,correcto
2,2689281.0,68.43,-37.54,-21.86,correcto
2,2689291.0,69.25,-39.31,-22.42,correcto
2,2689301.0,70.16,-41.06,-23.09,correcto
2,2689311.0,71.18,-42.79,-23.85,correcto
2,2689321.0,72.3,-44.49,-24.74,correcto
2,2689331.0,73.47,-46.15,-25.74,correcto
2,2689341.0,74.66,-47.76,-26.81,correcto
2,2689351.0,75.85,-49.33,-27.92,correcto
2,2689361.0,77.06,-50.87,-29.06,correcto
2,2689371.0,78.3,-52.34,-30.29,correcto
2,2689381.0,79.6,-53.77,-31.67,correcto
2,2689391.0,81.02,-55.15,-33.28,correcto
2,2689401.0,82.46,-56.42,-35.02,correcto
2,2689411.0,83.86,-57.6,-36.78,correcto
2,2689421.0,85.23,-58.74,-38.57,correcto
2,2689431.0,86.61,-59.89,-40.45,correcto
2,2689441.0,88.06,-61.07,-42.52,correcto
2,2689451.0,89.57,-62.28,-44.78,correcto
2,2689461.0,91.17,-63.48,-47.28,correcto
2,2689471.0,92.84,-64.63,-50.06,correcto
2,2689481.0,94.59,-65.72,-53.19,correcto
2,2689491.0,96.43,-66.66,-56.67,correcto
2,2689501.0,98.24,-67.44,-60.32,correcto
2,2689511.0,100.07,-68.08,-64.22,correcto
2,2689521.0,101.96,-68.57,-68.48,correcto
2,2689531.0,103.91,-68.92,-72.99,correcto
2,2689541.0,105.93,-69.1,-77.75,correcto
2,2689551.0,108.04,-69.09,-82.63,correcto
2,2689561.0,110.16,-68.86,-87.4,correcto
2,2689571.0,112.26,-111.53,-91.97,correcto
2,2689582.0,114.34,-112.05,-96.35,correcto
2,2689592.0,116.37,-112.66,-100.49,correcto
2,2689602.0,118.36,-113.38,-104.44,correcto
2,2689612.0,120.34,-114.19,-108.3,correcto
2,2689622.0,122.25,-115.09,-111.91,correcto
2,2689632.0,123.99,-116.02,-115.24,correcto
2,2689642.0,125.59,-116.98,-118.35,correcto
2,2689652.0,127.07,-117.99,-121.22,correcto
2,2689662.0,128.42,-119.04,-123.77,correcto
2,2689672.0,129.66,-120.1,-126.09,correcto
2,2689682.0,130.86,-121.22,-128.29,correcto
2,2689692.0,132.06,-122.4,-130.39,correcto
2,2689702.0,133.26,-123.62,-132.44,correcto
2,2689712.0,134.43,-124.86,-134.4,correcto
2,2689722.0,135.56,-126.12,-136.28,correcto
2,2689732.0,136.63,-127.41,-138.04,correcto
2,2689742.0,137.59,-128.69,-139.68,correcto
2,2689752.0,138.46,-129.98,-141.19,correcto
2,2689762.0,139.25,-131.28,-142.58,correcto
2,2689772.0,139.97,-132.53,-143.79,correcto
2,2689782.0,140.61,-133.69,-144.84,correcto
2,2689792.0,141.2,-134.74,-145.72,correcto
2,2689802.0,141.68,-135.6,-146.4,correcto
2,2689812.0,142.02,-136.19,-146.89,correcto
2,2689822.0,142.2,-136.4,-147.14,correcto
2,2689832.0,142.25,-136.26,-147.18,correcto
2,2689842.0,142.23,-135.83,-147.04,correcto
2,2689852.0,142.15,-135.17,-146.7,correcto
2,2689862.0,141.98,-134.29,-146.12,correcto
2,2689872.0,141.7,-133.26,-145.31,correcto
2,2689882.0,141.33,-132.12,-144.36,correcto
2,2689892.0,140.9,-130.94,-143.32,correcto
2,2689902.0,140.45,-129.79,-142.22,correcto
2,2689912.0,139.98,-128.64,-141.03,correcto
2,2689922.0,139.42,-127.48,-139.64,correcto
2,2689932.0,138.75,-126.29,-138.01,correcto
2,2689942.0,137.97,-125.12,-136.16,correcto
2,2689952.0,137.05,-123.95,-134.13,correcto
2,2689962.0,135.96,-122.78,-131.94,correcto
2,2689972.0,134.72,-121.64,-129.69,correcto
2,2689982.0,133.34,-120.54,-127.32,correcto
2,2689992.0,131.78,-119.45,-124.73,correcto
2,2690002.0,130.04,-118.37,-121.94,correcto
2,2690012.0,128.17,-117.33,-118.98,correcto
2,2690022.0,126.16,-116.32,-115.84,correcto
2,2690032.0,124.01,-115.33,-112.5,correcto
2,2690042.0,121.73,-114.35,-108.89,correcto
2,2690052.0,119.31,-113.43,-104.92,correcto
2,2690062.0,116.75,-112.58,-100.43,correcto
2,2690072.0,114.08,-111.86,-95.47,correcto
2,2690082.0,111.32,-111.27,-90.1,correcto
2,2690092.0,108.6,-69.12,-84.59,correcto
2,2690102.0,106.01,-69.3,-79.17,correcto
2,2690112.0,103.47,-69.22,-73.73,correcto
2,2690122.0,100.95,-68.85,-68.3,correcto
2,2690132.0,98.34,-68.2,-62.83,correcto
2,2690142.0,95.61,-67.27,-57.4,correcto
2,2690152.0,92.78,-66.15,-52.16,correcto
2,2690162.0,89.96,-64.89,-47.36,correcto
2,2690172.0,87.2,-63.54,-43.02,correcto
2,2690183.0,84.6,-62.16,-39.19,correcto
2,2690193.0,82.18,-60.77,-35.8,correcto
2,2690203.0,79.94,-59.32,-32.74,correcto
2,2690213.0,77.78,-57.81,-29.87,correcto
2,2690223.0,75.72,-56.21,-27.18,correcto
2,2690233.0,73.72,-54.53,-24.65,correcto
2,2690243.0,71.78,-52.76,-22.29,correcto
2,2690253.0,69.96,-50.97,-20.19,correcto
2,2690263.0,68.29,-49.18,-18.4,correcto
2,2690273.0,66.74,-47.33,-16.89,correcto
2,2690283.0,65.29,-45.37,-15.59,correcto
2,2690293.0,63.93,-43.25,-14.49,correcto
2,2690303.0,62.63,-40.94,-13.52,correcto
2,2690313.0,61.4,-38.55,-12.71,correcto
2,2690323.0,60.27,-36.17,-12.07,correcto
2,2690333.0,59.22,-33.82,-11.55,correcto
2,2690343.0,58.28,-31.55,-11.11,correcto
2,2690353.0,57.44,-29.37,-10.72,correcto
2,2690363.0,56.72,-27.26,-10.34,correcto
2,2690373.0,56.08,-25.19,-9.92,correcto
2,2690383.0,55.53,-23.2,-9.46,correcto
2,2690393.0,55.02,-21.27,-8.97,correcto
2,2690403.0,54.58,-19.38,-8.49,correcto
2,2690413.0,54.21,-17.53,-8.04,correcto
2,2690423.0,53.92,-15.74,-7.64,correcto
2,2690433.0,53.71,-14.01,-7.3,correcto
2,2690443.0,53.56,-12.32,-7.01,correcto
2,2690453.0,53.45,-10.59,-6.72,correcto
2,2690463.0,53.32,-8.84,-6.4,correcto
2,2690473.0,53.16,-7.17,-6.05,correcto
2,2690483.0,53.01,-5.61,-5.7,correcto
2,2690493.0,52.86,-4.18,-5.33,correcto
2,2690503.0,52.73,-2.89,-4.96,correcto
2,2690513.0,52.64,-1.71,-4.62,correcto
2,2690523.0,52.64,-0.61,-4.33,correcto
2,2690533.0,52.72,0.48,-4.11,correcto
2,2690543.0,52.88,1.62,-3.96,correcto
2,2690553.0,53.08,2.78,-3.89,correcto
2,2690563.0,53.3,3.91,-3.87,correcto
2,2690573.0,53.49,4.99,-3.89,correcto
2,2690583.0,53.62,6.0,-3.93,correcto
2,2690593.0,53.69,6.93,-3.92,correcto
2,2690603.0,53.69,7.78,-3.86,correcto
2,2690613.0,53.65,8.53,-3.74,correcto
2,2690623.0,53.58,9.21,-3.59,correcto
2,2690633.0,53.51,9.83,-3.43,correcto
2,2690643.0,53.47,10.4,-3.29,correcto
2,2690653.0,53.46,10.96,-3.19,correcto
2,2690663.0,53.51,11.49,-3.15,correcto
2,2690673.0,53.65,12.01,-3.17,correcto
2,2690683.0,53.88,12.55,-3.24,correcto
2,2690693.0,54.22,13.1,-3.35,correcto
2,2690703.0,54.67,13.66,-3.53,correcto
2,2690713.0,55.18,14.29,-3.75,correcto
2,2690723.0,55.72,15.04,-4.0,correcto
2,2690733.0,56.22,15.95,-4.27,correcto
2,2690743.0,56.63,16.96,-4.56,correcto
2,2690753.0,56.94,18.02,-4.83,correcto
2,2690763.0,57.12,19.04,-5.06,correcto
2,2690773.0,57.16,19.92,-5.24,correcto
2,2690783.0,57.08,20.58,-5.36,correcto
2,2690793.0,56.92,21.03,-5.43,correcto
2,2690803.0,56.74,21.24,-5.43,correcto
2,2690814.0,56.56,21.28,-5.37,correcto
2,2690824.0,56.46,21.2,-5.26,correcto
2,2690834.0,56.44,21.04,-5.14,correcto
2,2690844.0,56.51,20.86,-5.06,correcto
2,2690854.0,56.66,20.69,-5.01,correcto
2,2690864.0,56.86,20.53,-5.0,correcto
2,2690874.0,57.07,20.38,-5.01,correcto
2,2690884.0,57.27,20.23,-5.05,correcto
2,2690894.0,57.44,20.08,-5.11,correcto
2,2690904.0,57.57,19.91,-5.19,correcto
2,2690914.0,57.66,19.72,-5.27,correcto
2,2690924.0,57.69,19.49,-5.34,correcto
2,2690934.0,57.7,19.24,-5.41,correcto
2,2690944.0,57.7,18.97,-5.44,correcto
2,2690954.0,57.7,18.7,-5.47,correcto
2,2690964.0,57.7,18.44,-5.51,correcto
2,2690974.0,57.72,18.16,-5.56,correcto
2,2690984.0,57.75,17.87,-5.61,correcto
2,2690994.0,57.82,17.59,-5.64,correcto
2,2691004.0,57.88,17.34,-5.68,correcto
2,2691014.0,57.93,17.14,-5.73,correcto
2,2691024.0,57.95,16.97,-5.78,correcto
2,2691034.0,57.96,16.81,-5.83,correcto
2,2691044.0,57.96,16.65,-5.86,correcto
2,2691054.0,57.95,16.5,-5.88,correcto
2,2691064.0,57.93,16.35,-5.9,correcto
2,2691074.0,57.92,16.22,-5.89,correcto
2,2691084.0,57.92,16.11,-5.89,correcto
2,2691094.0,57.92,16.0,-5.88,correcto
2,2691104.0,57.95,15.91,-5.87,correcto
2,2691114.0,58.0,15.83,-5.87,correcto
2,2691124.0,58.08,15.78,-5.89,correcto
2,2691134.0,58.16,15.74,-5.92,correcto
2,2691144.0,58.24,15.72,-5.96,correcto
2,2691154.0,58.31,15.7,-5.98,correcto
2,2691164.0,58.37,15.69,-6.0,correcto
2,2691174.0,58.42,15.69,-5.99,correcto
2,2691184.0,58.44,15.69,-5.97,correcto
2,2691194.0,58.44,15.71,-5.95,correcto
3,2692066.0,59.05,13.26,-6.91,correcto
3,2692076.0,59.04,13.26,-6.89,correcto
3,2692086.0,59.04,13.25,-6.88,correcto
3,2692096.0,59.05,13.24,-6.87,correcto
3,2692106.0,59.05,13.23,-6.87,correcto
3,2692116.0,59.06,13.22,-6.87,correcto
3,2692126.0,59.06,13.22,-6.88,correcto
3,2692136.0,59.06,13.21,-6.89,correcto
3,2692146.0,59.07,13.19,-6.89,correcto
3,2692156.0,59.06,13.17,-6.88,correcto
3,2692166.0,59.06,13.14,-6.87,correcto
3,2692176.0,59.06,13.12,-6.87,correcto
3,2692186.0,59.07,13.09,-6.87,correcto
3,2692196.0,59.08,13.07,-6.87,correcto
3,2692206.0,59.1,13.04,-6.88,correcto
3,2692216.0,59.12,13.01,-6.88,correcto
3,2692226.0,59.13,12.99,-6.88,correcto
3,2692236.0,59.14,12.98,-6.88,correcto
3,2692246.0,59.13,12.96,-6.89,correcto
3,2692256.0,59.13,12.96,-6.89,correcto
3,2692266.0,59.13,12.95,-6.9,correcto
3,2692276.0,59.13,12.94,-6.9,correcto
3,2692286.0,59.12,12.92,-6.9,correcto
3,2692296.0,59.12,12.92,-6.89,correcto
3,2692306.0,59.11,12.91,-6.89,correcto
3,2692316.0,59.13,12.91,-6.87,correcto
3,2692326.0,59.13,12.89,-6.88,correcto
3,2692336.0,59.15,12.89,-6.88,correcto
3,2692346.0,59.17,12.89,-6.89,correcto
3,2692356.0,59.19,12.9,-6.89,correcto
3,2692366.0,59.21,12.93,-6.9,correcto
3,2692376.0,59.22,12.96,-6.91,correcto
3,2692386.0,59.24,13.0,-6.93,correcto
3,2692396.0,59.27,13.05,-6.95,correcto
3,2692406.0,59.32,13.1,-6.97,correcto
3,2692416.0,59.36,13.19,-7.0,correcto
3,2692426.0,59.42,13.29,-7.05,correcto
3,2692436.0,59.46,13.39,-7.1,correcto
3,2692446.0,59.48,13.5,-7.15,correcto
3,2692456.0,59.48,13.6,-7.2,correcto
3,2692466.0,59.46,13.69,-7.22,correcto
3,2692476.0,59.42,13.76,-7.23,correcto
3,2692486.0,59.38,13.85,-7.23,correcto
3,2692496.0,59.33,13.93,-7.24,correcto
3,2692506.0,59.24,14.0,-7.27,correcto
3,2692516.0,59.13,14.06,-7.31,correcto
3,2692526.0,58.97,14.08,-7.34,correcto
3,2692536.0,58.73,14.05,-7.37,correcto
3,2692546.0,58.41,13.95,-7.39,correcto
3,2692556.0,58.02,13.75,-7.42,correcto
3,2692566.0,57.58,13.46,-7.45,correcto
3,2692576.0,57.1,13.07,-7.49,correcto
3,2692586.0,56.56,12.55,-7.52,correcto
3,2692596.0,55.95,11.89,-7.56,correcto
3,2692606.0,55.3,11.08,-7.57,correcto
3,2692616.0,54.64,10.12,-7.54,correcto
3,2692627.0,54.04,8.99,-7.5,correcto
3,2692637.0,53.51,7.72,-7.46,correcto
3,2692647.0,53.09,6.34,-7.42,correcto
3,2692657.0,52.76,4.9,-7.41,correcto
3,2692667.0,52.53,3.43,-7.42,correcto
3,2692677.0,52.33,1.94,-7.47,correcto
3,2692687.0,52.18,0.43,-7.52,correcto
3,2692697.0,52.05,-1.11,-7.58,correcto
3,2692707.0,51.95,-2.73,-7.66,correcto
3,2692717.0,51.89,-4.43,-7.74,correcto
3,2692727.0,51.87,-6.2,-7.83,correcto
3,2692737.0,51.89,-8.04,-7.93,correcto
3,2692747.0,51.95,-9.96,-8.05,correcto
3,2692757.0,52.08,-11.95,-8.2,correcto
3,2692767.0,52.3,-14.02,-8.39,correcto
3,2692777.0,52.63,-16.12,-8.63,correcto
3,2692787.0,53.08,-18.22,-8.93,correcto
3,2692797.0,53.63,-20.3,-9.33,correcto
3,2692807.0,54.24,-22.33,-9.84,correcto
3,2692817.0,54.91,-24.33,-10.42,correcto
3,2692827.0,55.63,-26.31,-11.03,correcto
3,2692837.0,56.4,-28.3,-11.7,correcto
3,2692847.0,57.24,-30.31,-12.44,correcto
3,2692857.0,58.13,-32.32,-13.28,correcto
3,2692867.0,59.08,-34.29,-14.2,correcto
3,2692877.0,60.07,-36.22,-15.17,correcto
3,2692887.0,61.11,-38.12,-16.14,correcto
3,2692897.0,62.17,-39.98,-17.07,correcto
3,2692907.0,63.26,-41.84,-17.99,correcto
3,2692917.0,64.43,-43.76,-18.96,correcto
3,2692927.0,65.76,-45.77,-20.06,correcto
3,2692937.0,67.25,-47.84,-21.31,correcto
3,2692947.0,68.98,-49.98,-22.79,correcto
3,2692957.0,70.86,-52.1,-24.45,correcto
3,2692967.0,72.87,-54.17,-26.32,correcto
3,2692977.0,75.0,-56.17,-28.41,correcto
3,2692987.0,77.21,-58.07,-30.75,correcto
3,2692997.0,79.51,-59.88,-33.39,correcto
3,2693007.0,81.9,-61.55,-36.39,correcto
3,2693017.0,84.31,-63.04,-39.64,correcto
3,2693027.0,86.71,-64.34,-43.2,correcto
3,2693037.0,89.05,-65.44,-46.95,correcto
3,2693047.0,91.35,-66.35,-50.83,correcto
3,2693057.0,93.71,-67.12,-54.99,correcto
3,2693067.0,96.04,-67.79,-59.3,correcto
3,2693077.0,98.29,-68.41,-63.68,correcto
3,2693087.0,100.48,-68.97,-68.21,correcto
3,2693097.0,102.57,-69.46,-72.8,correcto
3,2693107.0,104.58,-69.86,-77.44,correcto
3,2693117.0,106.52,-70.17,-82.13,correcto
3,2693127.0,108.38,-70.37,-86.9,correcto
3,2693137.0,110.13,-109.55,-91.52,correcto
3,2693147.0,111.73,-109.59,-95.86,correcto
3,2693157.0,113.24,-109.74,-100.0,correcto
3,2693167.0,114.72,-110.0,-103.93,correcto
3,2693177.0,116.21,-110.39,-107.66,correcto
3,2693187.0,117.77,-110.9,-111.29,correcto
3,2693197.0,119.42,-111.55,-114.77,correcto
3,2693207.0,121.13,-112.32,-118.02,correcto
3,2693217.0,122.82,-113.16,-120.91,correcto
3,2693227.0,124.55,-114.09,-123.48,correcto
3,2693238.0,126.29,-115.08,-125.75,correcto
3,2693248.0,128.06,-116.14,-127.71,correcto
3,2693258.0,129.75,-117.18,-129.36,correcto
3,2693268.0,131.35,-118.18,-130.89,correcto
3,2693278.0,132.92,-119.18,-132.44,correcto
3,2693288.0,134.44,-120.17,-134.01,correcto
3,2693298.0,135.86,-121.14,-135.64,correcto
3,2693308.0,137.15,-122.09,-137.3,correcto
3,2693318.0,138.29,-123.01,-138.95,correcto
3,2693328.0,139.37,-123.98,-140.64,correcto
3,2693338.0,140.41,-125.04,-142.29,correcto
3,2693348.0,141.45,-126.19,-143.85,correcto
3,2693358.0,142.57,-127.44,-145.26,correcto
3,2693368.0,143.78,-128.8,-146.56,correcto
3,2693378.0,145.07,-130.24,-147.77,correcto
3,2693388.0,146.34,-131.65,-148.87,correcto
3,2693398.0,147.48,-133.01,-149.88,correcto
3,2693408.0,148.47,-134.28,-150.78,correcto
3,2693418.0,149.22,-135.39,-151.52,correcto
3,2693428.0,149.76,-136.27,-152.09,correcto
3,2693438.0,150.09,-136.89,-152.43,correcto
3,2693448.0,150.29,-137.25,-152.6,correcto
3,2693458.0,150.47,-137.39,-152.59,correcto
3,2693468.0,150.67,-137.33,-152.38,correcto
3,2693478.0,150.91,-137.08,-151.95,correcto
3,2693488.0,151.13,-136.62,-151.3,correcto
3,2693498.0,151.32,-136.01,-150.44,correcto
3,2693508.0,151.41,-135.25,-149.43,correcto
3,2693518.0,151.36,-134.38,-148.32,correcto
3,2693528.0,151.13,-133.43,-147.18,correcto
3,2693538.0,150.72,-132.45,-146.02,correcto
3,2693548.0,150.12,-131.43,-144.88,correcto
3,2693558.0,149.35,-130.39,-143.69,correcto
3,2693568.0,148.43,-129.3,-142.46,correcto
3,2693578.0,147.35,-128.15,-141.1,correcto
3,2693588.0,146.12,-126.94,-139.55,correcto
3,2693598.0,144.74,-125.68,-137.85,correcto
3,2693608.0,143.23,-124.39,-136.05,correcto
3,2693618.0,141.61,-123.1,-134.17,correcto
3,2693628.0,139.9,-121.85,-132.23,correcto
3,2693638.0,138.15,-120.68,-130.2,correcto
3,2693648.0,136.31,-119.54,-128.05,correcto
3,2693658.0,134.36,-118.43,-125.75,correcto
3,2693668.0,132.35,-117.41,-123.23,correcto
3,2693678.0,130.29,-116.45,-120.53,correcto
3,2693688.0,128.21,-115.58,-117.64,correcto
3,2693698.0,126.03,-114.76,-114.47,correcto
3,2693708.0,123.66,-113.96,-110.88,correcto
3,2693718.0,121.05,-113.2,-106.79,correcto
3,2693728.0,118.26,-112.49,-102.22,correcto
3,2693738.0,115.3,-111.86,-97.22,correcto
3,2693748.0,112.33,-111.38,-91.95,correcto
3,2693758.0,109.36,-68.9,-86.43,correcto
3,2693768.0,106.38,-68.94,-80.72,correcto
3,2693778.0,103.42,-68.69,-74.98,correcto
3,2693788.0,100.55,-68.16,-69.51,correcto
3,2693798.0,97.76,-67.33,-64.45,correcto
3,2693808.0,94.94,-66.24,-59.64,correcto
3,2693818.0,92.04,-64.96,-55.03,correcto
3,2693828.0,89.05,-63.53,-50.57,correcto
3,2693838.0,85.95,-61.98,-46.26,correcto
3,2693849.0,82.82,-60.32,-42.14,correcto
3,2693859.0,79.8,-58.63,-38.35,correcto
3,2693869.0,76.94,-56.87,-34.87,correcto
3,2693879.0,74.31,-55.08,-31.67,correcto
3,2693889.0,71.91,-53.28,-28.77,correcto
3,2693899.0,69.73,-51.48,-26.14,correcto
3,2693909.0,67.75,-49.64,-23.79,correcto
3,2693919.0,65.94,-47.74,-21.72,correcto
3,2693929.0,64.34,-45.82,-20.0,correcto
3,2693939.0,62.95,-43.92,-18.65,correcto
3,2693949.0,61.77,-42.09,-17.64,correcto
3,2693959.0,60.77,-40.29,-16.91,correcto
3,2693969.0,59.92,-38.46,-16.34,correcto
3,2693979.0,59.18,-36.58,-15.9,correcto
3,2693989.0,58.51,-34.65,-15.52,correcto
3,2693999.0,57.86,-32.67,-15.1,correcto
3,2694009.0,57.21,-30.71,-14.62,correcto
3,2694019.0,56.55,-28.84,-14.05,correcto
3,2694029.0,55.85,-27.09,-13.35,correcto
3,2694039.0,55.12,-25.43,-12.55,correcto
3,2694049.0,54.38,-23.84,-11.66,correcto
3,2694059.0,53.64,-22.33,-10.74,correcto
3,2694069.0,52.91,-20.86,-9.83,correcto
3,2694079.0,52.2,-19.4,-8.92,correcto
3,2694089.0,51.53,-17.93,-8.09,correcto
3,2694099.0,50.89,-16.41,-7.33,correcto
3,2694109.0,50.29,-14.85,-6.67,correcto
3,2694119.0,49.78,-13.27,-6.1,correcto
3,2694129.0,49.32,-11.7,-5.61,correcto
3,2694139.0,48.92,-10.21,-5.19,correcto
3,2694149.0,48.58,-8.85,-4.88,correcto
3,2694159.0,48.29,-7.61,-4.64,correcto
3,2694169.0,48.08,-6.48,-4.47,correcto
3,2694179.0,47.94,-5.4,-4.35,correcto
3,2694189.0,47.88,-4.31,-4.28,correcto
3,2694199.0,47.9,-3.21,-4.26,correcto
3,2694209.0,47.95,-2.06,-4.26,correcto
3,2694219.0,48.02,-0.9,-4.3,correcto
3,2694229.0,48.12,0.24,-4.36,correcto
3,2694239.0,48.21,1.36,-4.43,correcto
3,2694249.0,48.32,2.45,-4.49,correcto
3,2694259.0,48.43,3.55,-4.53,correcto
3,2694269.0,48.57,4.64,-4.56,correcto
3,2694279.0,48.72,5.72,-4.6,correcto
3,2694289.0,48.91,6.84,-4.65,correcto
3,2694299.0,49.12,7.96,-4.72,correcto
3,2694309.0,49.37,9.09,-4.83,correcto
3,2694319.0,49.65,10.2,-4.96,correcto
3,2694329.0,49.96,11.3,-5.08,correcto
3,2694339.0,50.3,12.42,-5.21,correcto
3,2694349.0,50.65,13.59,-5.31,correcto
3,2694359.0,51.0,14.8,-5.38,correcto
3,2694369.0,51.33,16.03,-5.44,correcto
3,2694379.0,51.63,17.21,-5.5,correcto
3,2694389.0,51.89,18.33,-5.56,correcto
3,2694399.0,52.05,19.3,-5.62,correcto
3,2694409.0,52.1,20.08,-5.69,correcto
3,2694419.0,52.04,20.61,-5.73,correcto
3,2694429.0,51.93,20.89,-5.72,correcto
3,2694439.0,51.83,20.94,-5.67,correcto
3,2694449.0,51.77,20.78,-5.59,correcto
3,2694459.0,51.8,20.51,-5.54,correcto
3,2694470.0,51.95,20.2,-5.52,correcto
3,2694480.0,52.2,19.9,-5.56,correcto
3,2694490.0,52.52,19.64,-5.65,correcto
3,2694500.0,52.85,19.4,-5.78,correcto
3,2694510.0,53.12,19.17,-5.93,correcto
3,2694520.0,53.32,18.9,-6.1,correcto
3,2694530.0,53.43,18.6,-6.26,correcto
3,2694540.0,53.49,18.24,-6.39,correcto
3,2694550.0,53.5,17.84,-6.49,correcto
3,2694560.0,53.5,17.44,-6.55,correcto
3,2694570.0,53.49,17.05,-6.6,correcto
3,2694580.0,53.49,16.67,-6.64,correcto
3,2694590.0,53.49,16.3,-6.68,correcto
3,2694600.0,53.51,15.95,-6.72,correcto
3,2694610.0,53.55,15.62,-6.78,correcto
3,2694620.0,53.61,15.3,-6.85,correcto
3,2694630.0,53.68,15.01,-6.93,correcto
3,2694640.0,53.74,14.73,-7.02,correcto
3,2694650.0,53.8,14.48,-7.1,correcto
3,2694660.0,53.84,14.24,-7.16,correcto
3,2694670.0,53.85,14.04,-7.18,correcto
3,2694680.0,53.86,13.88,-7.17,correcto
3,2694690.0,53.86,13.73,-7.13,correcto
3,2694700.0,53.87,13.6,-7.09,correcto
3,2694710.0,53.92,13.47,-7.07,correcto
3,2694720.0,54.02,13.37,-7.06,correcto
3,2694730.0,54.15,13.33,-7.09,correcto
3,2694740.0,54.33,13.32,-7.13,correcto
3,2694750.0,54.53,13.37,-7.19,correcto
3,2694760.0,54.75,13.44,-7.27,correcto
3,2694770.0,54.97,13.51,-7.37,correcto
3,2694780.0,55.16,13.57,-7.45,correcto
3,2694790.0,55.32,13.61,-7.5,correcto
3,2694800.0,55.43,13.63,-7.53,correcto
3,2694810.0,55.52,13.64,-7.53,correcto
3,2694820.0,55.59,13.67,-7.52,correcto
3,2694830.0,55.63,13.71,-7.51,correcto
3,2694840.0,55.65,13.77,-7.52,correcto
3,2694850.0,55.64,13.84,-7.54,correcto
3,2694860.0,55.62,13.9,-7.54,correcto
3,2694870.0,55.61,13.95,-7.55,correcto
3,2694880.0,55.61,13.98,-7.56,correcto
3,2694890.0,55.63,13.97,-7.58,correcto
3,2694900.0,55.66,13.96,-7.63,correcto
3,2694910.0,55.7,13.95,-7.68,correcto
3,2694920.0,55.74,13.96,-7.75,correcto
3,2694930.0,55.77,13.95,-7.81,correcto
3,2694940.0,55.82,13.93,-7.87,correcto
3,2694950.0,55.88,13.91,-7.92,correcto
3,2694960.0,55.95,13.87,-7.98,correcto
3,2694970.0,56.0,13.82,-8.05,correcto
3,2694980.0,56.04,13.76,-8.12,correcto
3,2694990.0,56.06,13.68,-8.17,correcto
3,2695000.0,56.07,13.59,-8.21,correcto
3,2695010.0,56.08,13.51,-8.24,correcto
3,2695020.0,56.08,13.41,-8.27,correcto
3,2695030.0,56.09,13.33,-8.3,correcto
3,2695040.0,56.12,13.25,-8.34,correcto
3,2695050.0,56.15,13.19,-8.38,correcto
4,2698897.0,58.36,9.85,-9.43,incorrecto
4,2698907.0,58.35,9.85,-9.43,incorrecto
4,2698917.0,58.35,9.85,-9.43,incorrecto
4,2698927.0,58.36,9.85,-9.44,incorrecto
4,2698937.0,58.37,9.85,-9.44,incorrecto
4,2698947.0,58.39,9.84,-9.45,incorrecto
4,2698957.0,58.4,9.85,-9.46,incorrecto
4,2698967.0,58.4,9.86,-9.46,incorrecto
4,2698977.0,58.39,9.87,-9.45,incorrecto
4,2698987.0,58.37,9.87,-9.45,incorrecto
4,2698997.0,58.35,9.87,-9.44,incorrecto
4,2699007.0,58.34,9.85,-9.42,incorrecto
4,2699017.0,58.33,9.84,-9.42,incorrecto
4,2699027.0,58.33,9.83,-9.41,incorrecto
4,2699037.0,58.32,9.81,-9.41,incorrecto
4,2699047.0,58.31,9.8,-9.41,incorrecto
4,2699057.0,58.29,9.78,-9.4,incorrecto
4,2699067.0,58.28,9.76,-9.4,incorrecto
4,2699077.0,58.27,9.75,-9.4,incorrecto
4,2699087.0,58.28,9.74,-9.41,incorrecto
4,2699097.0,58.29,9.74,-9.42,incorrecto
4,2699107.0,58.31,9.74,-9.44,incorrecto
4,2699117.0,58.33,9.75,-9.45,incorrecto
4,2699127.0,58.34,9.76,-9.46,incorrecto
4,2699137.0,58.34,9.77,-9.46,incorrecto
4,2699147.0,58.31,9.77,-9.45,incorrecto
4,2699157.0,58.29,9.77,-9.42,incorrecto
4,2699167.0,58.27,9.76,-9.4,incorrecto
4,2699177.0,58.25,9.74,-9.37,incorrecto
4,2699187.0,58.24,9.73,-9.37,incorrecto
4,2699197.0,58.25,9.72,-9.37,incorrecto
4,2699207.0,58.26,9.72,-9.39,incorrecto
4,2699217.0,58.28,9.71,-9.41,incorrecto
4,2699227.0,58.3,9.71,-9.42,incorrecto
4,2699237.0,58.3,9.71,-9.43,incorrecto
4,2699247.0,58.28,9.71,-9.43,incorrecto
4,2699257.0,58.27,9.71,-9.42,incorrecto
4,2699267.0,58.25,9.71,-9.41,incorrecto
4,2699277.0,58.24,9.71,-9.4,incorrecto
4,2699287.0,58.24,9.71,-9.41,incorrecto
4,2699297.0,58.24,9.71,-9.42,incorrecto
4,2699307.0,58.25,9.71,-9.43,incorrecto
4,2699317.0,58.25,9.71,-9.43,incorrecto
4,2699327.0,58.26,9.71,-9.43,incorrecto
4,2699338.0,58.27,9.71,-9.43,incorrecto
4,2699348.0,58.27,9.71,-9.43,incorrecto
4,2699358.0,58.28,9.71,-9.43,incorrecto
4,2699368.0,58.28,9.71,-9.43,incorrecto
4,2699378.0,58.29,9.7,-9.42,incorrecto
4,2699388.0,58.3,9.71,-9.42,incorrecto
4,2699398.0,58.3,9.72,-9.41,incorrecto
4,2699408.0,58.3,9.72,-9.41,incorrecto
4,2699418.0,58.3,9.73,-9.4,incorrecto
4,2699428.0,58.29,9.75,-9.4,incorrecto
4,2699438.0,58.29,9.76,-9.39,incorrecto
4,2699448.0,58.29,9.77,-9.38,incorrecto
4,2699458.0,58.3,9.79,-9.38,incorrecto
4,2699468.0,58.3,9.79,-9.38,incorrecto
4,2699478.0,58.31,9.8,-9.38,incorrecto
4,2699488.0,58.31,9.8,-9.37,incorrecto
4,2699498.0,58.31,9.81,-9.37,incorrecto
4,2699508.0,58.32,9.81,-9.37,incorrecto
4,2699518.0,58.33,9.83,-9.38,incorrecto
4,2699528.0,58.33,9.84,-9.38,incorrecto
4,2699538.0,58.35,9.85,-9.39,incorrecto
4,2699548.0,58.36,9.86,-9.39,incorrecto
4,2699558.0,58.35,9.87,-9.39,incorrecto
4,2699568.0,58.34,9.86,-9.37,incorrecto
4,2699578.0,58.33,9.86,-9.36,incorrecto
4,2699588.0,58.33,9.85,-9.35,incorrecto
4,2699598.0,58.32,9.85,-9.35,incorrecto
4,2699608.0,58.32,9.84,-9.35,incorrecto
4,2699618.0,58.33,9.85,-9.35,incorrecto
4,2699628.0,58.33,9.86,-9.36,incorrecto
4,2699638.0,58.34,9.87,-9.37,incorrecto
4,2699648.0,58.36,9.89,-9.37,incorrecto
4,2699658.0,58.39,9.92,-9.38,incorrecto
4,2699668.0,58.42,9.95,-9.4,incorrecto
4,2699678.0,58.44,10.0,-9.43,incorrecto
4,2699688.0,58.47,10.06,-9.45,incorrecto
4,2699698.0,58.49,10.11,-9.46,incorrecto
4,2699708.0,58.51,10.17,-9.47,incorrecto
4,2699718.0,58.52,10.24,-9.48,incorrecto
4,2699728.0,58.53,10.3,-9.49,incorrecto
4,2699738.0,58.54,10.38,-9.51,incorrecto
4,2699748.0,58.54,10.44,-9.52,incorrecto
4,2699758.0,58.54,10.51,-9.54,incorrecto
4,2699768.0,58.54,10.58,-9.56,incorrecto
4,2699778.0,58.51,10.65,-9.58,incorrecto
4,2699788.0,58.42,10.72,-9.59,incorrecto
4,2699798.0,58.25,10.74,-9.6,incorrecto
4,2699808.0,58.01,10.69,-9.64,incorrecto
4,2699818.0,57.67,10.49,-9.72,incorrecto
4,2699828.0,57.24,9.94,-9.81,incorrecto
4,2699838.0,56.73,8.9,-9.86,incorrecto
4,2699848.0,56.2,7.31,-9.83,incorrecto
4,2699858.0,55.68,5.17,-9.71,incorrecto
4,2699868.0,55.26,2.49,-9.53,incorrecto
4,2699878.0,54.97,-0.61,-9.37,incorrecto
4,2699888.0,54.86,-3.97,-9.27,incorrecto
4,2699898.0,54.99,-7.53,-9.26,incorrecto
4,2699908.0,55.36,-11.17,-9.38,incorrecto
4,2699918.0,55.97,-14.84,-9.67,incorrecto
4,2699928.0,56.85,-18.52,-10.16,incorrecto
4,2699939.0,58.08,-22.29,-10.91,incorrecto
4,2699949.0,59.73,-26.2,-11.99,incorrecto
4,2699959.0,61.86,-30.21,-13.44,incorrecto
4,2699969.0,64.41,-34.26,-15.27,incorrecto
4,2699979.0,67.36,-38.28,-17.51,incorrecto
4,2699989.0,70.71,-42.22,-20.29,incorrecto
4,2699999.0,74.49,-46.01,-23.73,incorrecto
4,2700009.0,78.67,-49.57,-27.96,incorrecto
4,2700019.0,83.29,-52.84,-33.22,incorrecto
4,2700029.0,88.35,-55.73,-39.67,incorrecto
4,2700039.0,93.75,-58.06,-47.24,incorrecto
4,2700049.0,99.23,-59.72,-55.51,incorrecto
4,2700059.0,104.6,-60.65,-64.13,incorrecto
4,2700069.0,109.78,-60.93,-72.66,incorrecto
4,2700079.0,114.71,-60.66,-80.85,incorrecto
4,2700089.0,119.41,-59.9,-88.56,incorrecto
4,2700099.0,123.8,-121.3,-95.49,incorrecto
4,2700109.0,127.85,-122.83,-101.6,incorrecto
4,2700119.0,131.62,-124.65,-106.83,incorrecto
4,2700129.0,135.13,-126.68,-111.09,incorrecto
4,2700139.0,138.46,-128.85,-114.51,incorrecto
4,2700149.0,141.63,-131.04,-117.34,incorrecto
4,2700159.0,144.57,-133.16,-119.77,incorrecto
4,2700169.0,147.25,-135.22,-121.94,incorrecto
4,2700179.0,149.63,-137.22,-124.1,incorrecto
4,2700189.0,151.66,-139.21,-126.47,incorrecto
4,2700199.0,153.27,-141.26,-129.16,incorrecto
4,2700209.0,154.37,-143.38,-132.07,incorrecto
4,2700219.0,154.91,-145.5,-134.81,incorrecto
4,2700229.0,154.92,-147.28,-136.86,incorrecto
4,2700239.0,154.67,-148.48,-138.05,incorrecto
4,2700249.0,154.43,-148.96,-138.49,incorrecto
4,2700259.0,154.34,-148.7,-138.35,incorrecto
4,2700269.0,154.2,-147.57,-137.58,incorrecto
4,2700279.0,153.83,-145.73,-136.24,incorrecto
4,2700289.0,153.1,-143.49,-134.43,incorrecto
4,2700299.0,151.91,-141.02,-132.19,incorrecto
4,2700309.0,150.22,-138.44,-129.48,incorrecto
4,2700319.0,148.02,-135.8,-126.21,incorrecto
4,2700329.0,145.32,-133.14,-122.31,incorrecto
4,2700339.0,142.11,-130.57,-117.68,incorrecto
4,2700349.0,138.35,-128.18,-112.22,incorrecto
4,2700359.0,134.0,-126.1,-105.85,incorrecto
4,2700369.0,129.02,-124.4,-98.55,incorrecto
4,2700379.0,123.39,-123.17,-90.37,incorrecto
4,2700389.0,117.17,-57.53,-81.43,incorrecto
4,2700399.0,110.52,-57.65,-71.98,incorrecto
4,2700409.0,103.66,-57.18,-62.43,incorrecto
4,2700419.0,96.91,-56.17,-53.29,incorrecto
4,2700429.0,90.45,-54.66,-44.83,incorrecto
4,2700439.0,84.42,-52.66,-37.25,incorrecto
4,2700449.0,78.77,-50.14,-30.6,incorrecto
4,2700459.0,73.44,-47.03,-24.9,incorrecto
4,2700469.0,68.55,-43.49,-20.24,incorrecto
4,2700479.0,64.29,-39.8,-16.7,incorrecto
4,2700489.0,60.74,-36.07,-14.16,incorrecto
4,2700499.0,57.84,-32.4,-12.35,incorrecto
4,2700509.0,55.5,-28.83,-11.03,incorrecto
4,2700519.0,53.7,-25.47,-10.06,incorrecto
4,2700529.0,52.33,-22.29,-9.27,incorrecto
4,2700539.0,51.34,-19.21,-8.6,incorrecto
4,2700550.0,50.67,-16.1,-8.1,incorrecto
4,2700560.0,50.25,-12.79,-7.73,incorrecto
4,2700570.0,50.04,-9.24,-7.4,incorrecto
4,2700580.0,49.95,-5.59,-7.12,incorrecto
4,2700590.0,49.89,-2.22,-6.81,incorrecto
4,2700600.0,49.9,0.6,-6.45,incorrecto
4,2700610.0,49.96,2.88,-6.04,incorrecto
4,2700620.0,50.03,4.83,-5.61,incorrecto
4,2700630.0,50.11,6.58,-5.24,incorrecto
4,2700640.0,50.23,8.32,-4.95,incorrecto
4,2700650.0,50.38,10.14,-4.74,incorrecto
4,2700660.0,50.52,11.98,-4.64,incorrecto
4,2700670.0,50.63,13.68,-4.64,incorrecto
4,2700680.0,50.72,15.12,-4.7,incorrecto
4,2700690.0,50.8,16.19,-4.77,incorrecto
4,2700700.0,50.93,16.85,-4.79,incorrecto
4,2700710.0,51.11,17.17,-4.74,incorrecto
4,2700720.0,51.37,17.27,-4.63,incorrecto
5,2703114.0,60.27,10.16,-8.41,incorrecto
5,2703124.0,60.27,10.16,-8.41,incorrecto
5,2703134.0,60.26,10.15,-8.4,incorrecto
5,2703144.0,60.26,10.15,-8.39,incorrecto
5,2703154.0,60.26,10.14,-8.38,incorrecto
5,2703164.0,60.25,10.14,-8.38,incorrecto
5,2703174.0,60.25,10.15,-8.39,incorrecto
5,2703184.0,60.25,10.16,-8.4,incorrecto
5,2703194.0,60.25,10.15,-8.4,incorrecto
5,2703204.0,60.25,10.15,-8.39,incorrecto
5,2703214.0,60.26,10.14,-8.39,incorrecto
5,2703224.0,60.26,10.13,-8.38,incorrecto
5,2703234.0,60.26,10.14,-8.39,incorrecto
5,2703244.0,60.25,10.14,-8.39,incorrecto
5,2703254.0,60.24,10.15,-8.4,incorrecto
5,2703264.0,60.23,10.15,-8.38,incorrecto
5,2703274.0,60.23,10.16,-8.36,incorrecto
5,2703284.0,60.22,10.16,-8.33,incorrecto
5,2703294.0,60.22,10.16,-8.32,incorrecto
5,2703304.0,60.22,10.16,-8.32,incorrecto
5,2703314.0,60.21,10.15,-8.33,incorrecto
5,2703324.0,60.22,10.15,-8.34,incorrecto
5,2703334.0,60.22,10.14,-8.35,incorrecto
5,2703344.0,60.21,10.14,-8.34,incorrecto
5,2703354.0,60.21,10.14,-8.32,incorrecto
5,2703364.0,60.21,10.14,-8.31,incorrecto
5,2703374.0,60.22,10.13,-8.3,incorrecto
5,2703384.0,60.24,10.11,-8.3,incorrecto
5,2703394.0,60.25,10.1,-8.3,incorrecto
5,2703404.0,60.26,10.1,-8.3,incorrecto
5,2703414.0,60.28,10.1,-8.31,incorrecto
5,2703424.0,60.29,10.1,-8.32,incorrecto
5,2703434.0,60.29,10.11,-8.31,incorrecto
5,2703444.0,60.29,10.11,-8.31,incorrecto
5,2703454.0,60.27,10.12,-8.31,incorrecto
5,2703464.0,60.26,10.13,-8.3,incorrecto
5,2703474.0,60.26,10.12,-8.31,incorrecto
5,2703484.0,60.25,10.11,-8.31,incorrecto
5,2703494.0,60.25,10.09,-8.31,incorrecto
5,2703504.0,60.25,10.07,-8.31,incorrecto
5,2703514.0,60.26,10.07,-8.32,incorrecto
5,2703524.0,60.27,10.08,-8.34,incorrecto
5,2703534.0,60.28,10.09,-8.36,incorrecto
5,2703544.0,60.28,10.1,-8.36,incorrecto
5,2703554.0,60.28,10.12,-8.36,incorrecto
5,2703564.0,60.28,10.13,-8.33,incorrecto
5,2703574.0,60.27,10.15,-8.32,incorrecto
5,2703584.0,60.26,10.16,-8.3,incorrecto
5,2703594.0,60.26,10.17,-8.3,incorrecto
5,2703605.0,60.26,10.19,-8.3,incorrecto
5,2703615.0,60.28,10.2,-8.31,incorrecto
5,2703625.0,60.29,10.24,-8.31,incorrecto
5,2703635.0,60.3,10.29,-8.3,incorrecto
5,2703645.0,60.27,10.38,-8.31,incorrecto
5,2703655.0,60.17,10.49,-8.4,incorrecto
5,2703665.0,59.97,10.56,-8.66,incorrecto
5,2703675.0,59.61,10.48,-9.17,incorrecto
5,2703685.0,58.94,10.09,-9.84,incorrecto
5,2703695.0,57.92,9.18,-10.44,incorrecto
5,2703705.0,56.65,7.42,-10.72,incorrecto
5,2703715.0,55.36,4.66,-10.59,incorrecto
5,2703725.0,54.24,1.11,-10.09,incorrecto
5,2703735.0,53.44,-2.91,-9.47,incorrecto
5,2703745.0,53.08,-7.07,-8.96,incorrecto
5,2703755.0,53.15,-10.91,-8.79,incorrecto
5,2703765.0,53.59,-14.33,-9.12,incorrecto
5,2703775.0,54.33,-17.69,-10.0,incorrecto
5,2703785.0,55.48,-21.41,-11.43,incorrecto
5,2703795.0,57.17,-25.53,-13.31,incorrecto
5,2703805.0,59.45,-29.94,-15.51,incorrecto
5,2703815.0,62.28,-34.43,-17.93,incorrecto
5,2703825.0,65.58,-38.81,-20.65,incorrecto
5,2703835.0,69.35,-42.98,-23.85,incorrecto
5,2703845.0,73.59,-46.92,-27.71,incorrecto
5,2703855.0,78.34,-50.63,-32.44,incorrecto
5,2703865.0,83.7,-53.98,-38.41,incorrecto
5,2703875.0,89.84,-56.8,-46.02,incorrecto
5,2703885.0,96.7,-58.77,-55.3,incorrecto
5,2703895.0,103.92,-59.67,-65.47,incorrecto
5,2703905.0,111.03,-59.56,-75.41,incorrecto
5,2703915.0,117.79,-58.7,-84.43,incorrecto
5,2703925.0,124.14,-122.63,-92.44,incorrecto
5,2703935.0,130.1,-124.24,-99.64,incorrecto
5,2703945.0,135.58,-126.03,-106.13,incorrecto
5,2703955.0,140.52,-127.98,-111.94,incorrecto
5,2703965.0,144.79,-129.99,-117.01,incorrecto
5,2703975.0,148.39,-132.01,-121.44,incorrecto
5,2703985.0,151.47,-134.05,-125.24,incorrecto
5,2703995.0,154.22,-136.15,-128.33,incorrecto
5,2704005.0,156.91,-138.36,-130.92,incorrecto
5,2704015.0,159.75,-140.79,-133.36,incorrecto
5,2704025.0,162.63,-143.5,-135.99,incorrecto
5,2704035.0,165.09,-146.34,-138.84,incorrecto
5,2704045.0,166.71,-149.1,-141.67,incorrecto
5,2704055.0,167.28,-151.67,-144.43,incorrecto
5,2704065.0,166.91,-153.98,-146.89,incorrecto
5,2704075.0,165.99,-155.91,-148.63,incorrecto
5,2704085.0,165.05,-157.21,-149.39,incorrecto
5,2704095.0,164.49,-157.58,-149.32,incorrecto
5,2704105.0,164.38,-156.89,-148.74,incorrecto
5,2704115.0,164.52,-155.17,-147.75,incorrecto
5,2704125.0,164.69,-152.85,-146.39,incorrecto
5,2704135.0,164.66,-150.21,-144.63,incorrecto
5,2704145.0,164.14,-147.39,-142.42,incorrecto
5,2704155.0,162.93,-144.41,-139.74,incorrecto
5,2704165.0,160.92,-141.28,-136.62,incorrecto
5,2704175.0,158.1,-138.01,-133.01,incorrecto
5,2704185.0,154.52,-134.7,-128.77,incorrecto
5,2704196.0,150.24,-131.49,-123.77,incorrecto
5,2704206.0,145.27,-128.52,-117.89,incorrecto
5,2704216.0,139.49,-125.92,-110.94,incorrecto
5,2704226.0,132.64,-123.79,-102.73,incorrecto
5,2704236.0,124.76,-122.22,-93.45,incorrecto
5,2704246.0,116.55,-58.71,-83.84,incorrecto
5,2704256.0,108.71,-59.02,-74.45,incorrecto
5,2704266.0,101.72,-58.83,-65.7,incorrecto
5,2704276.0,95.66,-58.27,-57.69,incorrecto
5,2704286.0,90.19,-57.38,-50.19,incorrecto
5,2704296.0,85.04,-56.04,-43.04,incorrecto
5,2704306.0,80.06,-54.18,-36.29,incorrecto
5,2704316.0,75.25,-51.74,-30.08,incorrecto
5,2704326.0,70.58,-48.68,-24.5,incorrecto
5,2704336.0,66.25,-45.21,-19.8,incorrecto
5,2704346.0,62.41,-41.63,-16.04,incorrecto
5,2704356.0,59.2,-38.28,-13.16,incorrecto
5,2704366.0,56.66,-35.29,-11.02,incorrecto
5,2704376.0,54.71,-32.55,-9.48,incorrecto
5,2704386.0,53.22,-29.8,-8.37,incorrecto
5,2704396.0,52.06,-26.88,-7.57,incorrecto
5,2704406.0,51.14,-23.81,-7.01,incorrecto
5,2704416.0,50.35,-20.6,-6.59,incorrecto
5,2704426.0,49.7,-17.35,-6.29,incorrecto
5,2704436.0,49.19,-14.21,-6.09,incorrecto
5,2704446.0,48.77,-11.28,-5.9,incorrecto
5,2704456.0,48.46,-8.65,-5.73,incorrecto
5,2704466.0,48.31,-6.32,-5.54,incorrecto
5,2704476.0,48.36,-4.18,-5.35,incorrecto
5,2704486.0,48.63,-2.07,-5.18,incorrecto
5,2704496.0,49.13,0.19,-5.05,incorrecto
5,2704506.0,49.82,2.69,-5.07,incorrecto
5,2704516.0,50.7,5.36,-5.32,incorrecto
5,2704526.0,51.65,7.97,-5.77,incorrecto
5,2704536.0,52.58,10.52,-6.23,incorrecto
5,2704546.0,53.35,13.11,-6.56,incorrecto
5,2704556.0,53.84,15.6,-6.76,incorrecto
5,2704566.0,53.87,17.71,-6.8,incorrecto
5,2704576.0,53.35,19.2,-6.67,incorrecto
5,2704586.0,52.38,19.85,-6.35,incorrecto
5,2704596.0,51.29,19.68,-5.78,incorrecto
5,2704606.0,50.49,18.8,-5.06,incorrecto
5,2704616.0,50.25,17.49,-4.38,incorrecto
5,2704626.0,50.64,16.14,-3.98,incorrecto
5,2704636.0,51.44,15.08,-3.94,incorrecto
5,2704646.0,52.36,14.37,-4.21,incorrecto
5,2704656.0,53.12,14.04,-4.64,incorrecto
5,2704666.0,53.58,14.0,-5.11,incorrecto
5,2704676.0,53.71,14.03,-5.51,incorrecto
5,2704686.0,53.6,13.93,-5.77,incorrecto
5,2704696.0,53.35,13.6,-5.87,incorrecto
5,2704706.0,53.09,13.02,-5.86,incorrecto
6,2706599.0,57.72,8.44,-9.71,incorrecto
6,2706609.0,57.75,8.45,-9.7,incorrecto
6,2706619.0,57.77,8.45,-9.68,incorrecto
6,2706629.0,57.78,8.45,-9.67,incorrecto
6,2706640.0,57.8,8.45,-9.66,incorrecto
6,2706650.0,57.81,8.45,-9.67,incorrecto
6,2706660.0,57.83,8.45,-9.66,incorrecto
6,2706670.0,57.83,8.45,-9.65,incorrecto
6,2706680.0,57.83,8.45,-9.63,incorrecto
6,2706690.0,57.83,8.45,-9.6,incorrecto
6,2706700.0,57.83,8.47,-9.58,incorrecto
6,2706710.0,57.83,8.48,-9.57,incorrecto
6,2706720.0,57.83,8.5,-9.57,incorrecto
6,2706730.0,57.84,8.5,-9.56,incorrecto
6,2706740.0,57.85,8.48,-9.57,incorrecto
6,2706750.0,57.86,8.47,-9.58,incorrecto
6,2706760.0,57.88,8.47,-9.57,incorrecto
6,2706770.0,57.89,8.47,-9.57,incorrecto
6,2706780.0,57.9,8.47,-9.58,incorrecto
6,2706790.0,57.92,8.48,-9.58,incorrecto
6,2706800.0,57.93,8.5,-9.58,incorrecto
6,2706810.0,57.95,8.52,-9.57,incorrecto
6,2706820.0,57.95,8.54,-9.57,incorrecto
6,2706830.0,57.94,8.56,-9.56,incorrecto
6,2706840.0,57.93,8.57,-9.54,incorrecto
6,2706850.0,57.91,8.58,-9.52,incorrecto
6,2706860.0,57.9,8.59,-9.5,incorrecto
6,2706870.0,57.9,8.6,-9.49,incorrecto
6,2706880.0,57.9,8.6,-9.48,incorrecto
6,2706890.0,57.9,8.61,-9.48,incorrecto
6,2706900.0,57.92,8.63,-9.46,incorrecto
6,2706910.0,57.91,8.67,-9.45,incorrecto
6,2706920.0,57.91,8.7,-9.44,incorrecto
6,2706930.0,57.9,8.73,-9.43,incorrecto
6,2706940.0,57.9,8.77,-9.44,incorrecto
6,2706950.0,57.9,8.8,-9.44,incorrecto
6,2706960.0,57.91,8.84,-9.42,incorrecto
6,2706970.0,57.91,8.88,-9.4,incorrecto
6,2706980.0,57.91,8.93,-9.37,incorrecto
6,2706990.0,57.9,8.98,-9.32,incorrecto
6,2707000.0,57.87,9.02,-9.27,incorrecto
6,2707010.0,57.82,9.05,-9.19,incorrecto
6,2707020.0,57.73,9.08,-9.1,incorrecto
6,2707030.0,57.6,9.1,-8.99,incorrecto
6,2707040.0,57.45,9.13,-8.85,incorrecto
6,2707050.0,57.28,9.15,-8.71,incorrecto
6,2707060.0,57.12,9.18,-8.57,incorrecto
6,2707070.0,56.98,9.23,-8.45,incorrecto
6,2707080.0,56.84,9.28,-8.34,incorrecto
6,2707090.0,56.72,9.35,-8.24,incorrecto
6,2707100.0,56.59,9.43,-8.16,incorrecto
6,2707110.0,56.45,9.52,-8.09,incorrecto
6,2707120.0,56.29,9.6,-8.03,incorrecto
6,2707130.0,56.12,9.67,-7.99,incorrecto
6,2707140.0,55.93,9.7,-7.96,incorrecto
6,2707150.0,55.72,9.72,-7.95,incorrecto
6,2707160.0,55.48,9.7,-7.95,incorrecto
6,2707170.0,55.19,9.62,-7.98,incorrecto
6,2707180.0,54.83,9.42,-8.07,incorrecto
6,2707190.0,54.38,9.03,-8.25,incorrecto
6,2707200.0,53.84,8.33,-8.46,incorrecto
6,2707210.0,53.25,7.24,-8.64,incorrecto
6,2707220.0,52.68,5.65,-8.71,incorrecto
6,2707230.0,52.19,3.61,-8.65,incorrecto
6,2707241.0,51.83,1.23,-8.5,incorrecto
6,2707251.0,51.61,-1.38,-8.32,incorrecto
6,2707261.0,51.55,-4.13,-8.19,incorrecto
6,2707271.0,51.64,-7.02,-8.17,incorrecto
6,2707281.0,51.87,-9.99,-8.27,incorrecto
6,2707291.0,52.24,-13.06,-8.52,incorrecto
6,2707301.0,52.78,-16.26,-8.98,incorrecto
6,2707311.0,53.56,-19.66,-9.62,incorrecto
6,2707321.0,54.66,-23.32,-10.47,incorrecto
6,2707331.0,56.12,-27.28,-11.5,incorrecto
6,2707341.0,57.98,-31.47,-12.75,incorrecto
6,2707351.0,60.29,-35.83,-14.33,incorrecto
6,2707361.0,63.02,-40.28,-16.29,incorrecto
6,2707371.0,66.25,-44.85,-18.68,incorrecto
6,2707381.0,70.16,-49.49,-21.8,incorrecto
6,2707391.0,74.93,-54.13,-26.11,incorrecto
6,2707401.0,80.54,-58.5,-32.15,incorrecto
6,2707411.0,86.75,-62.18,-40.31,incorrecto
6,2707421.0,93.27,-64.79,-50.65,incorrecto
6,2707431.0,99.89,-66.05,-62.46,incorrecto
6,2707441.0,106.43,-65.92,-74.25,incorrecto
6,2707451.0,112.85,-64.62,-84.71,incorrecto
6,2707461.0,119.11,-117.46,-93.38,incorrecto
6,2707471.0,125.22,-120.0,-100.44,incorrecto
6,2707481.0,131.18,-122.74,-106.4,incorrecto
6,2707491.0,137.02,-125.56,-111.76,incorrecto
6,2707501.0,142.48,-128.39,-116.52,incorrecto
6,2707511.0,147.31,-131.1,-120.62,incorrecto
6,2707521.0,151.38,-133.62,-124.26,incorrecto
6,2707531.0,154.7,-135.92,-127.5,incorrecto
6,2707541.0,157.37,-138.06,-130.43,incorrecto
6,2707551.0,159.58,-140.16,-133.23,incorrecto
6,2707561.0,161.51,-142.31,-135.95,incorrecto
6,2707571.0,163.21,-144.48,-138.59,incorrecto
6,2707581.0,164.7,-146.65,-141.09,incorrecto
6,2707591.0,165.96,-148.76,-143.37,incorrecto
6,2707601.0,167.0,-150.82,-145.47,incorrecto
6,2707611.0,167.75,-152.75,-147.31,incorrecto
6,2707621.0,168.15,-154.38,-148.69,incorrecto
6,2707631.0,168.24,-155.53,-149.39,incorrecto
6,2707641.0,168.13,-156.04,-149.46,incorrecto
6,2707651.0,167.88,-155.84,-149.01,incorrecto
6,2707661.0,167.55,-154.99,-148.18,incorrecto
6,2707671.0,167.17,-153.68,-147.04,incorrecto
6,2707681.0,166.75,-152.1,-145.64,incorrecto
6,2707691.0,166.25,-150.37,-144.01,incorrecto
6,2707701.0,165.62,-148.51,-142.1,incorrecto
6,2707711.0,164.7,-146.49,-139.86,incorrecto
6,2707721.0,163.45,-144.36,-137.31,incorrecto
6,2707731.0,161.82,-142.15,-134.52,incorrecto
6,2707741.0,159.85,-139.94,-131.56,incorrecto
6,2707751.0,157.56,-137.8,-128.49,incorrecto
6,2707761.0,155.05,-135.81,-125.32,incorrecto
6,2707771.0,152.26,-133.93,-121.9,incorrecto
6,2707781.0,149.06,-132.1,-118.11,incorrecto
6,2707791.0,145.48,-130.38,-113.97,incorrecto
6,2707801.0,141.47,-128.75,-109.39,incorrecto
6,2707811.0,136.92,-127.23,-104.23,incorrecto
6,2707821.0,131.88,-125.82,-98.58,incorrecto
6,2707832.0,126.45,-124.6,-92.53,incorrecto
6,2707842.0,120.74,-56.37,-86.15,incorrecto
6,2707852.0,114.93,-56.99,-79.58,incorrecto
6,2707862.0,109.27,-57.27,-73.06,incorrecto
6,2707872.0,103.83,-57.19,-66.7,incorrecto
6,2707882.0,98.54,-56.73,-60.4,incorrecto
6,2707892.0,93.37,-55.86,-54.18,incorrecto
6,2707902.0,88.28,-54.51,-48.1,incorrecto
6,2707912.0,83.31,-52.67,-42.3,incorrecto
6,2707922.0,78.63,-50.4,-37.03,incorrecto
6,2707932.0,74.4,-47.86,-32.45,incorrecto
6,2707942.0,70.71,-45.21,-28.59,incorrecto
6,2707952.0,67.66,-42.6,-25.42,incorrecto
6,2707962.0,65.2,-40.1,-22.87,incorrecto
6,2707972.0,63.19,-37.57,-20.77,incorrecto
6,2707982.0,61.51,-34.89,-19.02,incorrecto
6,2707992.0,60.07,-31.95,-17.56,incorrecto
6,2708002.0,58.8,-28.81,-16.36,incorrecto
6,2708012.0,57.68,-25.62,-15.36,incorrecto
6,2708022.0,56.69,-22.56,-14.54,incorrecto
6,2708032.0,55.82,-19.65,-13.83,incorrecto
6,2708042.0,55.11,-16.91,-13.13,incorrecto
6,2708052.0,54.53,-14.35,-12.36,incorrecto
6,2708062.0,54.05,-12.09,-11.52,incorrecto
6,2708072.0,53.59,-10.11,-10.63,incorrecto
6,2708082.0,53.15,-8.32,-9.75,incorrecto
6,2708092.0,52.71,-6.59,-8.91,incorrecto
6,2708102.0,52.29,-4.82,-8.12,incorrecto
6,2708112.0,51.89,-2.98,-7.45,incorrecto
6,2708122.0,51.54,-1.11,-6.97,incorrecto
6,2708132.0,51.28,0.79,-6.66,incorrecto
6,2708142.0,51.1,2.72,-6.46,incorrecto
6,2708152.0,51.06,4.66,-6.34,incorrecto
6,2708162.0,51.14,6.6,-6.28,incorrecto
6,2708172.0,51.37,8.57,-6.3,incorrecto
6,2708182.0,51.7,10.56,-6.41,incorrecto
6,2708192.0,52.08,12.53,-6.6,incorrecto
6,2708202.0,52.47,14.4,-6.85,incorrecto
6,2708212.0,52.79,16.09,-7.05,incorrecto
6,2708222.0,52.94,17.51,-7.13,incorrecto
6,2708232.0,52.84,18.59,-7.05,incorrecto
6,2708242.0,52.48,19.26,-6.81,incorrecto
6,2708252.0,51.95,19.41,-6.46,incorrecto
6,2708262.0,51.38,19.06,-6.08,incorrecto
6,2708272.0,50.89,18.31,-5.71,incorrecto
6,2708282.0,50.59,17.37,-5.39,incorrecto
6,2708292.0,50.5,16.39,-5.15,incorrecto
6,2708302.0,50.6,15.52,-5.05,incorrecto
6,2708312.0,50.87,14.8,-5.09,incorrecto
6,2708322.0,51.19,14.22,-5.28,incorrecto
6,2708332.0,51.54,13.74,-5.57,incorrecto
6,2708342.0,51.85,13.31,-5.91,incorrecto
6,2708352.0,52.11,12.88,-6.22,incorrecto
6,2708362.0,52.29,12.41,-6.46,incorrecto
6,2708372.0,52.42,11.86,-6.63,incorrecto
6,2708382.0,52.53,11.21,-6.75,incorrecto
6,2708392.0,52.66,10.51,-6.84,incorrecto
6,2708402.0,52.84,9.75,-6.94,incorrecto
6,2708412.0,53.06,8.98,-7.07,incorrecto
6,2708422.0,53.32,8.24,-7.25,incorrecto
6,2708432.0,53.62,7.58,-7.48,incorrecto
6,2708442.0,53.92,7.03,-7.73,incorrecto
6,2708452.0,54.2,6.6,-7.98,incorrecto
6,2708463.0,54.45,6.29,-8.21,incorrecto
